id,sequence,structure,base_pairs,len
telomerase_AF221906.96-545,GGGUUGCGGAGGGAGGGCCCGGGAGGGGUGAGCGUCCAUUAUCGUCUAACCCUAACUGAGAUGGGCGUAGGCGCCGCGCUUUUGCUUCCCGCGCGCUGUUUUUCUCGCUGACUUUCAGCGGGCGGAAAAGCCUCGGCCUACUGCCGUCUACUGUCGUAUCUGGAGCAAACAAAAAAUGUCAGCCGCUGGUCCGCUCGCCCCAUCCGGGAACCUGCGGUGGCUCGUCCGCCCUGCCCCCGCGCUCCGCCUAGAGGCCGCGGUCCGCCCGGGGCUUCUCCGGAGGCACCCAAUGCAGCCGCGAAGAGUUAGGCUCUGUCAGCCGCGGAUCCCGCGGGGGCCAAGGGUGAGGCUUAGGCCGCGGGCCGCAGGAAGAAAAACCGAGCGAGUUCUCACGCGCGGUGCGCUUCCCUGAGCUGUGGGUCGUGCGCCUGGGACUCGGCUCAGACACGU,.................((((((.(((((((..(((...........................(((((((((.....(((((.......(((.(((((........<<<<<<<<<))))).)))..)))))....))))).))))............................>>>.>>>>>>....)))....))))))).))))))..(((((((......((((((((.(((((((((.(((((........(((((.(.((..(((...............)))...)).)))))).(((((...))))).......)))))...)))))))))...))))).)))............)))))))..........(((((((((((........((((((..(((........)))..))))))..))))))).))))........,"[[18, 208], [19, 207], [20, 206], [21, 205], [22, 204], [23, 203], [25, 201], [26, 200], [27, 199], [28, 198], [29, 197], [30, 196], [31, 195], [34, 190], [35, 189], [36, 188], [64, 145], [65, 144], [66, 143], [67, 142], [68, 140], [69, 139], [70, 138], [71, 137], [72, 136], [78, 131], [79, 130], [80, 129], [81, 128], [82, 127], [90, 124], [91, 123], [92, 122], [94, 120], [95, 119], [96, 118], [97, 117], [98, 116], [107, 183], [108, 182], [109, 181], [110, 180], [111, 179], [112, 178], [113, 176], [114, 175], [115, 174], [211, 369], [212, 368], [213, 367], [214, 366], [215, 365], [216, 364], [217, 363], [224, 350], [225, 349], [226, 348], [227, 346], [228, 345], [229, 344], [230, 343], [231, 342], [233, 338], [234, 337], [235, 336], [236, 335], [237, 334], [238, 333], [239, 332], [240, 331], [241, 330], [243, 326], [244, 325], [245, 324], [246, 323], [247, 322], [256, 300], [257, 299], [258, 298], [259, 297], [260, 296], [262, 295], [264, 293], [265, 292], [268, 288], [269, 287], [270, 286], [302, 314], [303, 313], [304, 312], [305, 311], [306, 310], [380, 442], [381, 441], [382, 440], [383, 439], [384, 437], [385, 436], [386, 435], [387, 434], [388, 433], [389, 432], [390, 431], [399, 428], [400, 427], [401, 426], [402, 425], [403, 424], [404, 423], [407, 420], [408, 419], [409, 418]]",450
telomerase_AF221920.99-541,GGGUUGCGGAGGGUGGGCCCAGGAGCGGUGGCGGCCAUUUUUUAAGUCUAACCCUAACUGAAAGAGGCGUAGGCGCUGCGCUUUUGCUUCACGCGCGCUGUUUUUCUCGCUGACUUUCAGCGGGCGGAAAAGCCUCGGCCUACCGCCAUCCACCAUCCAGUCUGAAACAAACAAAAAAUGUCAGCCUCUGGCUCGCUCACUGCUCCCGGGAACCUGCGGUGGUUCGCCCGCCCAGCCCCCGCGCCCCGCCUGAGGCCGCGGUCGGCCCGGGGCUUCUCCGGAGGCGCCCAUUGCCGCCGCGAAGAGUUGGGCUCUGUCAGCCGCGGGUCCCUCGGGGGCCAAGGCGAGGCUCUGACCGCAGGGAAAGGAACGGAGUUGGUCCCCGCGCGCUGUGCGCUUCCCUAAGCUGUGGGCUGUGCACCUGGGACUCGGCUCAGACACUU,.................(((.((((((((((.(((((............................(((((((((.....(((((.......(((.(((((........<<<<<<<<<))))).)))..)))))....))))).))))............................>>>.>>>>>>...)))))...)))))))))).)))..(((((((......(((((.((.(((((((...(((((.......(((((.((((..(((...............)))...))))))))).(((((...))))).......))))).....)))))))...)))).))).....)))))))..........(((((((((((........((((((..(((........)))..))))))..)))))).)))))........,"[[18, 210], [19, 209], [20, 208], [22, 206], [23, 205], [24, 204], [25, 203], [26, 202], [27, 201], [28, 200], [29, 199], [30, 198], [31, 197], [33, 193], [34, 192], [35, 191], [36, 190], [37, 189], [66, 147], [67, 146], [68, 145], [69, 144], [70, 142], [71, 141], [72, 140], [73, 139], [74, 138], [80, 133], [81, 132], [82, 131], [83, 130], [84, 129], [92, 126], [93, 125], [94, 124], [96, 122], [97, 121], [98, 120], [99, 119], [100, 118], [109, 185], [110, 184], [111, 183], [112, 182], [113, 181], [114, 180], [115, 178], [116, 177], [117, 176], [213, 362], [214, 361], [215, 360], [216, 359], [217, 358], [218, 357], [219, 356], [226, 350], [227, 349], [228, 348], [229, 346], [230, 345], [232, 344], [233, 343], [235, 339], [236, 338], [237, 337], [238, 336], [239, 335], [240, 334], [241, 333], [245, 327], [246, 326], [247, 325], [248, 324], [249, 323], [257, 301], [258, 300], [259, 299], [260, 298], [261, 297], [263, 296], [264, 295], [265, 294], [266, 293], [269, 289], [270, 288], [271, 287], [303, 315], [304, 314], [305, 313], [306, 312], [307, 311], [373, 435], [374, 434], [375, 433], [376, 432], [377, 431], [378, 429], [379, 428], [380, 427], [381, 426], [382, 425], [383, 424], [392, 421], [393, 420], [394, 419], [395, 418], [396, 417], [397, 416], [400, 413], [401, 412], [402, 411]]",443
telomerase_AF221910.112-554,UGUCAUUCCGGAGAGGGGCGUUUUCUUCUUUCUCUAACCCUAAUGUAUUGCUUGGGCAGCAGCUCUCUCGGUAUGCUCGCUGUUUUGCUGGCUAACUUUCAGCGAGCAGAGGGCGAAGUCGAAUUUCGGACAAGGGAGAAAAAAUGUUAGCCGGGGAACGCCCCUUUCCCGAAUGCCCGUGCCGUCCUUCCUCUCCUCUGGGCCCGUUGGCGAUAGCCCCCGGCCUCCCUCGCUCCUUAGGCCGCGGUCAGUCCGGGCCCUUGCUCUGGCAUGAGGUCCAUUGCUGCCGCGAAGAGUUCGUCUCUGUCAGCCUUGAGGUGGCCAGCAUGGAAUUGGCGGGCUUGUGGCGGCGCGCGGGAAAAAGCAAAUGGUGAACUAGGUGCGUGUUGUGGUCGUGUUCCUGAAGCGUGGAAUGUGCGAUCUGUGCGCUAGUUCAUACACAC,...(((((.((((((((((((((((....................................(((((.......(((((((((........<<<<<<<<<))))))))).)))))...........................>>>.>>>>>>..)))))))))))))))).)))))(((((((................((((((((((((...........((((..(((((..........(((((.((((..(((...................)))...))))))))).((((.....))))........))))).)))).........)))))))))))).......)))))))..............(((((((((((.........(((((((((........))))..)))))...)))).)))))))........,"[[4, 175], [5, 174], [6, 173], [7, 172], [8, 171], [10, 169], [11, 168], [12, 167], [13, 166], [14, 165], [15, 164], [16, 163], [17, 162], [18, 161], [19, 160], [20, 159], [21, 158], [22, 157], [23, 156], [24, 155], [25, 154], [62, 114], [63, 113], [64, 112], [65, 111], [66, 110], [74, 108], [75, 107], [76, 106], [77, 105], [78, 104], [79, 103], [80, 102], [81, 101], [82, 100], [91, 151], [92, 150], [93, 149], [94, 148], [95, 147], [96, 146], [97, 144], [98, 143], [99, 142], [176, 358], [177, 357], [178, 356], [179, 355], [180, 354], [181, 353], [182, 352], [199, 344], [200, 343], [201, 342], [202, 341], [203, 340], [204, 339], [205, 338], [206, 337], [207, 336], [208, 335], [209, 334], [210, 333], [222, 323], [223, 322], [224, 321], [225, 320], [228, 318], [229, 317], [230, 316], [231, 315], [232, 314], [243, 291], [244, 290], [245, 289], [246, 288], [247, 287], [249, 286], [250, 285], [251, 284], [252, 283], [255, 279], [256, 278], [257, 277], [293, 305], [294, 304], [295, 303], [296, 302], [373, 435], [374, 434], [375, 433], [376, 432], [377, 431], [378, 430], [379, 429], [380, 427], [381, 426], [382, 425], [383, 424], [393, 420], [394, 419], [395, 418], [396, 417], [397, 416], [398, 413], [399, 412], [400, 411], [401, 410]]",443
telomerase_AF221936.98-540,GGGUUGCGGAGGGUGGGCCCCGGGUUGGUGGCAGCCAUUUCUCAUCUAACCCUAAUUGAGACAGGCGUAGGCGCUGUGCUUUUGGUUACCGCGCGCUGUUUUUCUCGCUGACUUUCAGCGGGCGGAAAAGCCUCGGCCUACCGCCAUCCACCAUCCAGUCUGCAACAAACAAAAAAUGUCAGCCGCUGGCUCGCUCACCUCUCCCGGGAACCUGCGGUGGUCCGCCCGCCCAGCCCCAGUGCCCCGCCUGAGGCCGCGGUCGGCCCGGUGCUUCUCCGGAGGUGUCCAUUGCCGCCGUGAAGAGUUGGGCUCUGUCAGCCGCGGGUCGCUCGGUGGGCCGAGGCAUGGCUGUAACCGCAGGGAAAGGAACGGAGUGGGGUCCCCGCGCGCGGUGCGCUUCCCUGAGCUGUGGGACUUGCACCCGGGACUCGGCUCAGACAUCC,.................(((.(((..(((((.(((((..........................(((((((((.....(((((.......(((.(((((........<<<<<<<<<))))).)))..)))))....))))).))))............................>>>.>>>>>>...)))))...)))))..))).)))..(((((((......(((.(.((..((((.(...(((((.......(((((.((((..((.................))...))))))))).(((((...))))).......))))).....))).)).....)))..))).....)))))))..........((((.(((((((........(((((..((((........))))..)))))..))))))).))))........,"[[18, 208], [19, 207], [20, 206], [22, 204], [23, 203], [24, 202], [27, 199], [28, 198], [29, 197], [30, 196], [31, 195], [33, 191], [34, 190], [35, 189], [36, 188], [37, 187], [64, 145], [65, 144], [66, 143], [67, 142], [68, 140], [69, 139], [70, 138], [71, 137], [72, 136], [78, 131], [79, 130], [80, 129], [81, 128], [82, 127], [90, 124], [91, 123], [92, 122], [94, 120], [95, 119], [96, 118], [97, 117], [98, 116], [107, 183], [108, 182], [109, 181], [110, 180], [111, 179], [112, 178], [113, 176], [114, 175], [115, 174], [211, 361], [212, 360], [213, 359], [214, 358], [215, 357], [216, 356], [217, 355], [224, 349], [225, 348], [226, 347], [228, 344], [230, 343], [231, 342], [234, 336], [235, 335], [236, 333], [237, 332], [239, 331], [243, 325], [244, 324], [245, 323], [246, 322], [247, 321], [255, 299], [256, 298], [257, 297], [258, 296], [259, 295], [261, 294], [262, 293], [263, 292], [264, 291], [267, 287], [268, 286], [301, 313], [302, 312], [303, 311], [304, 310], [305, 309], [372, 435], [373, 434], [374, 433], [375, 432], [377, 430], [378, 429], [379, 428], [380, 427], [381, 426], [382, 425], [383, 424], [392, 421], [393, 420], [394, 419], [395, 418], [396, 417], [399, 414], [400, 413], [401, 412], [402, 411]]",443
telomerase_AF221923.106-554,GGGUUGAGGAUGGCGCCCCCGGGUCGGGCAGUGGUCUUUUUUGUUCUAACCCUAACUGGCAAGGGCGUAGGUGCUGUGCUUUUGUUCCCCGCGCGUUGUUUUUCUCGCUGACUUUCAGCGGGCGGGAAAAGCCCUGGCCUACCGCCGUCUACCGAUAGUUUGGAGCAAACAAAAAAAUGUCAGCCGCUGGCCGCUCACCCCUCCCGGGAACCUGUGGUGGCUCGCCCGCCCAGCCCCGCGCCCCGCCUGGAGGCCGCGGUCGGCCUGGGGCUUCUCCGGAGGUUCCCAUUGCCGCCGCGAAGAGUUAGGCUCUGUCAGCCGCGGGUCCUGCGGGAACCAAGGGCGAGGCUUAGGCCUCCUGAACGCAGGGAGAGAAAUGGAGCGAUUCCCCGAGUACGUGUGCUUCCCUGAGUUGUGGGAUGUGCGUCCGGGACUCAGCUCCGACAGGU,.................((((((..(((..(.((((...........................(((((((((.....(((((.......(((.(((((........<<<<<<<<<))))).)))...)))))....))))).))))............................>>>.>>>>>>....))))..)..)))..))))))..((((((.......((((((((...((((((.(((((........(((((.((((..(((...............)))...))))))))).(((((...))))).......)))))...))))))......))))).)))..............))))))..........(((((.((((........((((((.((((........)))).))))))..)))).)..))))........,"[[18, 208], [19, 207], [20, 206], [21, 205], [22, 204], [23, 203], [26, 200], [27, 199], [28, 198], [31, 195], [33, 192], [34, 191], [35, 190], [36, 189], [64, 146], [65, 145], [66, 144], [67, 143], [68, 141], [69, 140], [70, 139], [71, 138], [72, 137], [78, 132], [79, 131], [80, 130], [81, 129], [82, 128], [90, 124], [91, 123], [92, 122], [94, 120], [95, 119], [96, 118], [97, 117], [98, 116], [107, 184], [108, 183], [109, 182], [110, 181], [111, 180], [112, 179], [113, 177], [114, 176], [115, 175], [211, 369], [212, 368], [213, 367], [214, 366], [215, 365], [216, 364], [224, 349], [225, 348], [226, 347], [227, 345], [228, 344], [229, 343], [230, 342], [231, 341], [235, 334], [236, 333], [237, 332], [238, 331], [239, 330], [240, 329], [242, 325], [243, 324], [244, 323], [245, 322], [246, 321], [255, 299], [256, 298], [257, 297], [258, 296], [259, 295], [261, 294], [262, 293], [263, 292], [264, 291], [267, 287], [268, 286], [269, 285], [301, 313], [302, 312], [303, 311], [304, 310], [305, 309], [380, 441], [381, 440], [382, 439], [383, 438], [384, 435], [386, 433], [387, 432], [388, 431], [389, 430], [398, 427], [399, 426], [400, 425], [401, 424], [402, 423], [403, 422], [405, 420], [406, 419], [407, 418], [408, 417]]",449
telomerase_AF221913.109-520,UUAAUUAGAGGGAUUGGAAGGUUCCGCUUAUGCUAACCCUAAUAUUGGGGGUCUGUUGAAAACCUCUUUAAGAUAUGCGUGUUGUUUUAUUGGCUGACUUUCAGCGCGCAUUGAGAGGAGUUGCUGCCCAGGACUAAAAAAUGUCAGCUGGGAGUCCUUCCUCUCCCUUAUUUCUGCCUCACAACCUGGACUCUUUAUUUAGCGGUGCCCCAUUUGUCGAGGCCGCAGUCAGUCUUGUUCUUAUACGCUGCUGUUGCGAAGAGUUCGUCUCUGUCAGCCUCCGGGGCAACGCCUUGAAUUUGGAGAGCCUGGGAAUGUAACAAGGGGUAGGGAAAAUAACGAGAGCUGAGUUGGCUUCUCCUGUGCUGUUCCUGAGCUGUGGAACUUGCAAUCGCAGUCGGCUCUGACACUU,..(((.((.(((...((((((((((.....................................(((((........(((((((((........<<<<<<<<<)))))))))...)))))....................>>>.>>>>>>..))))).))))).))).)).)))(((((((...........(((((((....(((.((((((............(((((.((((..(((....)))....))))))))).((((.....))))..........)))))).)))........))))))).................)))))))...........((((((.((((..........(((..((((........))))...)))....))))))))))........,"[[3, 172], [4, 171], [5, 170], [7, 168], [8, 167], [10, 165], [11, 164], [12, 163], [16, 161], [17, 160], [18, 159], [19, 158], [20, 157], [21, 155], [22, 154], [23, 153], [24, 152], [25, 151], [63, 118], [64, 117], [65, 116], [66, 115], [67, 114], [76, 110], [77, 109], [78, 108], [79, 107], [80, 106], [81, 105], [82, 104], [83, 103], [84, 102], [93, 148], [94, 147], [95, 146], [96, 145], [97, 144], [98, 143], [99, 141], [100, 140], [101, 139], [173, 331], [174, 330], [175, 329], [176, 328], [177, 327], [178, 326], [179, 325], [191, 307], [192, 306], [193, 305], [194, 304], [195, 303], [196, 302], [197, 301], [202, 292], [203, 291], [204, 290], [206, 288], [207, 287], [208, 286], [209, 285], [210, 284], [211, 283], [224, 258], [225, 257], [226, 256], [227, 255], [228, 254], [230, 253], [231, 252], [232, 251], [233, 250], [236, 245], [237, 244], [238, 243], [260, 272], [261, 271], [262, 270], [263, 269], [343, 404], [344, 403], [345, 402], [346, 401], [347, 400], [348, 399], [350, 398], [351, 397], [352, 396], [353, 395], [364, 390], [365, 389], [366, 388], [369, 384], [370, 383], [371, 382], [372, 381]]",412
telomerase_U85256.1-451,GGGUUGCGGAGGGUGGGCCUGGGAGGGGUGGUGGCCAUUUUUUGUCUAACCCUAACUGAGAAGGGCGUAGGCGCCGUGCUUUUGCUCCCCGCGCGCUGUUUUUCUCGCUGACUUUCAGCGGGCGGAAAAGCCUCGGCCUGCCGCCUUCCACCGUUCAUUCUAGAGCAAACAAAAAAUGUCAGCUGCUGGCCCGUUCGCCCCUCCCGGGGACCUGCGGCGGGUCGCCUGCCCAGCCCCCGAACCCCGCCUGGAGGCCGCGGUCGGCCCGGGGCUUCUCCGGAGGCACCCACUGCCACCGCGAAGAGUUGGGCUCUGUCAGCCGCGGGUCUCUCGGGGGCGAGGGCGAGGUUCAGGCCUUUCAGGCCGCAGGAAGAGGAACGGAGCGAGUCCCCGCGCGCGGCGCGAUUCCCUGAGCUGUGGGACGUGCACCCAGGACUCGGCUCACACAUGC,.................((((((((((((((.(((((..........................(((((((((.....(((((.......(((.(((((........<<<<<<<<<))))).)))..)))))....))))).))))............................>>>.>>>>>>...)))))...))))))))))))))..(((((((......((((((((.((((((((..(((((........(((((..(((..(((...............)))...))).))))).(((((...))))).......)))))....))))))))..)))).))))..............)))))))..........((((((((((.........(((((..((((........))))))))).....)))))).))))........,"[[18, 208], [19, 207], [20, 206], [21, 205], [22, 204], [23, 203], [24, 202], [25, 201], [26, 200], [27, 199], [28, 198], [29, 197], [30, 196], [31, 195], [33, 191], [34, 190], [35, 189], [36, 188], [37, 187], [64, 145], [65, 144], [66, 143], [67, 142], [68, 140], [69, 139], [70, 138], [71, 137], [72, 136], [78, 131], [79, 130], [80, 129], [81, 128], [82, 127], [90, 124], [91, 123], [92, 122], [94, 120], [95, 119], [96, 118], [97, 117], [98, 116], [107, 183], [108, 182], [109, 181], [110, 180], [111, 179], [112, 178], [113, 176], [114, 175], [115, 174], [211, 370], [212, 369], [213, 368], [214, 367], [215, 366], [216, 365], [217, 364], [224, 349], [225, 348], [226, 347], [227, 346], [228, 344], [229, 343], [230, 342], [231, 341], [233, 338], [234, 337], [235, 336], [236, 335], [237, 334], [238, 333], [239, 332], [240, 331], [243, 326], [244, 325], [245, 324], [246, 323], [247, 322], [256, 300], [257, 299], [258, 298], [259, 297], [260, 296], [263, 294], [264, 293], [265, 292], [268, 288], [269, 287], [270, 286], [302, 314], [303, 313], [304, 312], [305, 311], [306, 310], [381, 443], [382, 442], [383, 441], [384, 440], [385, 438], [386, 437], [387, 436], [388, 435], [389, 434], [390, 433], [400, 427], [401, 426], [402, 425], [403, 424], [404, 423], [407, 422], [408, 421], [409, 420], [410, 419]]",451
telomerase_AF221924.105-538,CGCGUGGCGGAUGGGGAGGCUCCAGUCUCACUAACCCUAAUGGCUGCCGCCGUGCUCCCCGCACCCGUCCGCUGUUUUAUUCGCUGACUUUCAGCGGACGGGGGGAGCCGCCUGGGGGGGAAGGGGUUUGCAAUCAAAAAACGUCAGCGACGGGUCUCCCCAGCCCAGCCCGCCCUGGGGUCUCCGUCCCCCCACGCAGCCGGGGGCCUGCCGCGGAGGCUCCCUCCGCCGCACUUCACGGAGGCCGCGGUCGGCCGGUGUCCGCCACUGCCGCCGCGAAGAGUUCGUCUCUGUCAGCCUCGGCGGCGGUGGGGAGCGAGAGGGCUCGUCCCCGCGCCGGGGACCCCAGCAGAGCAAAACGGAGCGGCGUCCUCGGCACAGCCGCCGCGCUUCCCUCAACCGUGGGAUGCGCGGACGGCGCCGCUUCGACACCC,...((((.((.(((((((((((...................(((.........(((((.......(((((((((........<<<<<<<<<)))))))))...))))).)))..........................>>>.>>>>>>...))))))))))).)))....))).(((((((....................((((((..(((......(((((((.(((((..............(((((.((((.(((....)))...))))))))).((((.....))))........))))).....))))))).....)))..)))))).........)))))))............((((((((((.............((((((.((((........)))).))))))..))))))))))........,"[[4, 173], [5, 172], [6, 171], [7, 166], [9, 165], [10, 164], [12, 162], [13, 161], [14, 160], [15, 159], [16, 158], [17, 157], [18, 156], [19, 155], [20, 154], [21, 153], [22, 152], [42, 112], [43, 111], [44, 110], [54, 108], [55, 107], [56, 106], [57, 105], [58, 104], [66, 100], [67, 99], [68, 98], [69, 97], [70, 96], [71, 95], [72, 94], [73, 93], [74, 92], [83, 148], [84, 147], [85, 146], [86, 145], [87, 144], [88, 143], [89, 141], [90, 140], [91, 139], [175, 349], [176, 348], [177, 347], [178, 346], [179, 345], [180, 344], [181, 343], [202, 333], [203, 332], [204, 331], [205, 330], [206, 329], [207, 328], [210, 325], [211, 324], [212, 323], [219, 317], [220, 316], [221, 315], [222, 314], [223, 313], [224, 312], [225, 311], [227, 305], [228, 304], [229, 303], [230, 302], [231, 301], [246, 278], [247, 277], [248, 276], [249, 275], [250, 274], [252, 273], [253, 272], [254, 271], [255, 270], [257, 266], [258, 265], [259, 264], [280, 292], [281, 291], [282, 290], [283, 289], [362, 426], [363, 425], [364, 424], [365, 423], [366, 422], [367, 421], [368, 420], [369, 419], [370, 418], [371, 417], [385, 414], [386, 413], [387, 412], [388, 411], [389, 410], [390, 409], [392, 407], [393, 406], [394, 405], [395, 404]]",434
telomerase_AF221908.136-584,AAUCAGCGUUUAAAGCUCAAUGUGGACGGAGGUCUCUGUUUCGCUAACCCUAAUACACUGGCUUCAGGGCGAUGGCUCUUCGCGGCGGUGCCUGUUGUUUUACUUGCUGACUUUCAGCGGGCACGGAGAGCAAGCGUAGACGACGACUAAAAAACGUCAGCUGGGAGACUCCUCCGUUCGCACAGCCCGACCUGCUCCAUUGCCCAAGAGCCCCGGGUUUUCUCUGUGGAAUGUAUCAGGCGCUCCCCGGUCUGUCUGUCUGGGGCCGCGGUCGGCAUCAUCUGCUGUCGCGAAGAGUUCGUCUCUGUUAGCCCUUGGGGGCCCUGGUGCGGAGUGGAGAGUCCGGGUCUGGGGGGUCGGGAGAACAAAAGGGGGCGCGCUGGUGCUCAGGCUCAGUCAUGCUUUCCCUUAGUUGUGGGAUAUGCGUGUUCAGCCAGUCCCCGACAUGU,....................(((((((((((((((((.....................................(((((.........(((((((((........<<<<<<<<<)))))))))...)))))....................>>>.>>>>>>..)))))..))))))))))))........((.((((..............((((((((((..........(((((((((....(((((.................(((((.((((.......))))))))).((((.....)))).........)))))..)))))))))....))))..))))))......)))).))...........(((((..(((((...............((((..((((........))))...))))..)))))..)))))........,"[[21, 182], [22, 181], [23, 180], [24, 179], [25, 178], [26, 177], [27, 176], [28, 175], [29, 174], [30, 173], [31, 172], [32, 171], [33, 168], [34, 167], [35, 166], [36, 165], [37, 164], [75, 131], [76, 130], [77, 129], [78, 128], [79, 127], [89, 123], [90, 122], [91, 121], [92, 120], [93, 119], [94, 118], [95, 117], [96, 116], [97, 115], [106, 161], [107, 160], [108, 159], [109, 158], [110, 157], [111, 156], [112, 154], [113, 153], [114, 152], [191, 360], [192, 359], [194, 357], [195, 356], [196, 355], [197, 354], [212, 347], [213, 346], [214, 345], [215, 344], [216, 343], [217, 342], [218, 339], [219, 338], [220, 337], [221, 336], [232, 331], [233, 330], [234, 329], [235, 328], [236, 327], [237, 326], [238, 325], [239, 324], [240, 323], [245, 320], [246, 319], [247, 318], [248, 317], [249, 316], [267, 292], [268, 291], [269, 290], [270, 289], [271, 288], [273, 287], [274, 286], [275, 285], [276, 284], [294, 306], [295, 305], [296, 304], [297, 303], [372, 441], [373, 440], [374, 439], [375, 438], [376, 437], [379, 434], [380, 433], [381, 432], [382, 431], [383, 430], [399, 427], [400, 426], [401, 425], [402, 424], [405, 420], [406, 419], [407, 418], [408, 417]]",449
telomerase_AF221931.99-541,GGGUUGCGGAGGGUGGGCUCGGGAGGGGUGGCGGUCAUUUUCUGUCUAACCCUAACUGAAACGGGCGUAGGCGCUGCGCUUUUGUUCCCCGCACGCUGUUUUUCUCGCUGACUUUCAGCGGGCGGAAAAGCCUUGGCCUACUGCCACACACCAUCCAGUUUGGAGCAAACAAAAAAUGUCAGCGGCUGGCCUGCUCGCCCCUCCCGGGAGCCUGCGGCGACUCGCCCGCUUAGCCCCCGCAUCCCGCCUGGAGGCCGCGGUCGGCCCGGGGCUUCUCCGGAGGCACCCAUUGCCGUCGCGAAGAGUUGGGCUCUGUCAGCCGCGGGACCCUUGGGGGCCAAGGGCGAGGCUCUGGCCGCAGGGAGAGAAACGGAGCGGGUCCCCUCGCGCGGUGCGCUUCCCUGAGCUGUGGGACUUGCACCCGGGACUAGGCUCACACACAC,.................((((((((((((((.(((((..........................(((((((((.....(((((.......(((.(((((........<<<<<<<<<))))).)))..)))))....))))).))))............................>>>.>>>>>>...)))))...))))))))))))))..(((((((......((((((((.(((((((...(((((........(((((.((((..(((...............)))...))))))))).(((((...))))).......))))).....)))))))...))))).))).....)))))))..........((((.((((((........(((((..((((........))))..)))))..))))))..))))........,"[[18, 208], [19, 207], [20, 206], [21, 205], [22, 204], [23, 203], [24, 202], [25, 201], [26, 200], [27, 199], [28, 198], [29, 197], [30, 196], [31, 195], [33, 191], [34, 190], [35, 189], [36, 188], [37, 187], [64, 145], [65, 144], [66, 143], [67, 142], [68, 140], [69, 139], [70, 138], [71, 137], [72, 136], [78, 131], [79, 130], [80, 129], [81, 128], [82, 127], [90, 124], [91, 123], [92, 122], [94, 120], [95, 119], [96, 118], [97, 117], [98, 116], [107, 183], [108, 182], [109, 181], [110, 180], [111, 179], [112, 178], [113, 176], [114, 175], [115, 174], [211, 362], [212, 361], [213, 360], [214, 359], [215, 358], [216, 357], [217, 356], [224, 350], [225, 349], [226, 348], [227, 346], [228, 345], [229, 344], [230, 343], [231, 342], [233, 338], [234, 337], [235, 336], [236, 335], [237, 334], [238, 333], [239, 332], [243, 326], [244, 325], [245, 324], [246, 323], [247, 322], [256, 300], [257, 299], [258, 298], [259, 297], [260, 296], [262, 295], [263, 294], [264, 293], [265, 292], [268, 288], [269, 287], [270, 286], [302, 314], [303, 313], [304, 312], [305, 311], [306, 310], [373, 435], [374, 434], [375, 433], [376, 432], [378, 429], [379, 428], [380, 427], [381, 426], [382, 425], [383, 424], [392, 421], [393, 420], [394, 419], [395, 418], [396, 417], [399, 414], [400, 413], [401, 412], [402, 411]]",443
telomerase_AF221929.92-517,UGGGCCGGGAGGGGUGGUGGUCUUCCCUGUCUAACCCUAAGGUGAAGAGGACGUGGGUGCCGUGUUUUUCGCUCCCGCACGCUGUUUUUCUCGCUGACUUUCAGCGUGCAGAAAAGCCUUGGCCUACCGUCGGUUAUUGUCUAAUUAGAAGCAAACAAAAAAUGUCAGCGUGGCCGGGCCGCCCCUCCCGGAUACCUGCGGCGGCUCGUCCACCGGCCCCCGAGCCCCGCCUAGGCCGCGGCCGGCGCGGGGCUUCCCUGGAGGCGCCCAUGGCCGCCGCGAAGAGUUCGUCUCUGUCAGCUGCGGGUCGCCCGGGGGCCGCGGGAGAGUCCCAGGCCUUGGCCGCAGGGAGAGAAACGGAGCAGGUCCUCGCGCGGUGCACUCCCCUGAGCUGUGGGAAGUGCACCGGGACGGGCUCCUACAAGC,.....((((((((((((.((((...........................(((((((((.....(((((........((((((((........<<<<<<<<<))))))))...)))))....))))).))))............................>>>.>>>>>>..))))...))))))))))).)...(((((((......(.((.((((((((((...(((((......(((((.((((..(((...............)))...))))))))).((((.....)))).......))))).....)))))))..)))..).).)...........)))))))..........((((..(((((......((((((..(((........)))..)))))).)))))..))))........,"[[6, 191], [7, 189], [8, 188], [9, 187], [10, 186], [11, 185], [12, 184], [13, 183], [14, 182], [15, 181], [16, 180], [17, 179], [19, 175], [20, 174], [21, 173], [22, 172], [50, 131], [51, 130], [52, 129], [53, 128], [54, 126], [55, 125], [56, 124], [57, 123], [58, 122], [64, 117], [65, 116], [66, 115], [67, 114], [68, 113], [77, 109], [78, 108], [79, 107], [80, 106], [81, 105], [82, 104], [83, 103], [84, 102], [93, 169], [94, 168], [95, 167], [96, 166], [97, 165], [98, 164], [99, 162], [100, 161], [101, 160], [195, 349], [196, 348], [197, 347], [198, 346], [199, 345], [200, 344], [201, 343], [208, 331], [210, 329], [211, 327], [213, 324], [214, 323], [215, 322], [216, 319], [217, 318], [218, 317], [219, 316], [220, 315], [221, 314], [222, 313], [226, 307], [227, 306], [228, 305], [229, 304], [230, 303], [237, 281], [238, 280], [239, 279], [240, 278], [241, 277], [243, 276], [244, 275], [245, 274], [246, 273], [249, 269], [250, 268], [251, 267], [283, 295], [284, 294], [285, 293], [286, 292], [360, 418], [361, 417], [362, 416], [363, 415], [366, 412], [367, 411], [368, 410], [369, 409], [370, 408], [377, 406], [378, 405], [379, 404], [380, 403], [381, 402], [382, 401], [385, 398], [386, 397], [387, 396]]",426
telomerase_AF221927.113-556,UCUCUCUGGAGCGGGGCGAUUUCUCUUCCUUCUAACCCUAAUGCGGUGCUUAGGCGACAGUUCUCCGGGUGCGCUCGCUGUUUUUCUGGCUAACUUUCAGCGAGCGGAGAGAGCGAAGCCGUGGUUUACGACGAUAGAGGAGAAAAAAUGUUAGCUGGGGAACGUCCCUUUCCCGAGAGCCCGCGCCAUCCUCUUCCUCGGGCCCAUUGGCGAUAGCCCCCGGCCUCCCUCGCUCACCAGGCCGCGGUCAGCCCGGGCCCUGGCUCUGCUAGGGCGUCCAAUGCUGCCGCGAAGAGUUCGUCUCUGAUUGCCUUGAGGUAGCCGGGCUCGAAUAGGUGGGCUCGCGGCGAUGCGCAGGAAAGAGCAAAACAGUGAACUGGGCGUGUGCUGGGGUCGCGUCCCUGAAGUGUGGGAUGUGCGAUCUGUCCGCUUGUUCAGACAUUG,...(((((((..((((((.((((....................................(((((.......(((((((((........<<<<<<<<<)))))))))...)))))...............................>>>.>>>>>>..)))).)))))))))....))))((.((((............((((((((((.(........((((((...(((((..........(((((.((((..(((...................)))...))))))))).((((.....))))........)))))..))))))......).)))))))))).......)))).))...............((((.(((.((.........(((((((((........))))..)))))...)).).)).))))........,"[[4, 179], [5, 178], [6, 177], [7, 176], [8, 171], [9, 170], [10, 169], [13, 168], [14, 167], [15, 166], [16, 165], [17, 164], [18, 163], [20, 161], [21, 160], [22, 159], [23, 158], [60, 114], [61, 113], [62, 112], [63, 111], [64, 110], [72, 106], [73, 105], [74, 104], [75, 103], [76, 102], [77, 101], [78, 100], [79, 99], [80, 98], [89, 155], [90, 154], [91, 153], [92, 152], [93, 151], [94, 150], [95, 148], [96, 147], [97, 146], [180, 358], [181, 357], [183, 355], [184, 354], [185, 353], [186, 352], [199, 344], [200, 343], [201, 342], [202, 341], [203, 340], [204, 339], [205, 338], [206, 337], [207, 336], [208, 335], [210, 333], [219, 326], [220, 325], [221, 324], [222, 323], [223, 322], [224, 321], [228, 318], [229, 317], [230, 316], [231, 315], [232, 314], [243, 291], [244, 290], [245, 289], [246, 288], [247, 287], [249, 286], [250, 285], [251, 284], [252, 283], [255, 279], [256, 278], [257, 277], [293, 305], [294, 304], [295, 303], [296, 302], [374, 436], [375, 435], [376, 434], [377, 433], [379, 431], [380, 430], [381, 428], [383, 426], [384, 425], [394, 421], [395, 420], [396, 419], [397, 418], [398, 417], [399, 414], [400, 413], [401, 412], [402, 411]]",444
telomerase_AF221935.112-602,GUCCAGCUGCGGGGAGAAAGUGUCGUUCUCUAACCCUAAUGCGAGGGCAAUGCGGGCCCUUUGUUUAAAGUCCCGUUGUCGCGCGAAGCGGGAGCCCUCGCUGUUUUCUUGGCUAACUUUCAGCGAUGGUGAAAGGGCCUAGCAAAGGUUGGGAAGCGUGAUUUAUUGUUGGUGGGCAGAGAGAAAAAAGUUUCAGCCGCGGCCUCCUCCCCGGCGGCCCAGGACCCCCUGUUGCAACGUGCGAAAUGGCGGCCUCGGCCCCCACCUUUGCUCGCAUGCCCAGCCGAGUAGGCCGCGGUCAGCGCCGGCUUCCACGCCAGUGUGGGGCUUGAUGCUGUCGCGAAGAGUUCGUCUCUGUCAGCCUGGCAGGGGGUGCUACGCAGGGUCGGGGUACGGGGGACAGGGAGAUUAAAUAGCUUGACCAGACGCUAUAACCUGUACUGCAUCUCCCAGAGCUGUGGGACCUGCAAAUCUGCGCUGGUCAUACAUUU,((((.(((((((((((........................................(((((.................................((.((((((........<<<<<<<<<)))))).))...)))))................................................>>>.>>>..>>>.........)))))).)))))...))))..((((((..................((((((((((............((((.(((.((((.......(((((.((((..(((....................)))..))))))))).((((.....)))).......)))).))).))))......))))))))))......))))))...............((((((.(((............((((..((((........))))..)))).....)))))))))........,"[[1, 225], [2, 224], [3, 223], [4, 222], [6, 218], [7, 217], [8, 216], [9, 215], [10, 214], [11, 212], [12, 211], [13, 210], [14, 209], [15, 208], [16, 207], [57, 137], [58, 136], [59, 135], [60, 134], [61, 133], [95, 129], [96, 128], [98, 126], [99, 125], [100, 124], [101, 123], [102, 122], [103, 121], [112, 197], [113, 196], [114, 195], [115, 192], [116, 191], [117, 190], [118, 188], [119, 187], [120, 186], [228, 404], [229, 403], [230, 402], [231, 401], [232, 400], [233, 399], [252, 392], [253, 391], [254, 390], [255, 389], [256, 388], [257, 387], [258, 386], [259, 385], [260, 384], [261, 383], [274, 376], [275, 375], [276, 374], [277, 373], [279, 371], [280, 370], [281, 369], [283, 367], [284, 366], [285, 365], [286, 364], [294, 342], [295, 341], [296, 340], [297, 339], [298, 338], [300, 337], [301, 336], [302, 335], [303, 334], [306, 331], [307, 330], [308, 329], [344, 356], [345, 355], [346, 354], [347, 353], [420, 483], [421, 482], [422, 481], [423, 480], [424, 479], [425, 478], [427, 477], [428, 476], [429, 475], [442, 469], [443, 468], [444, 467], [445, 466], [448, 463], [449, 462], [450, 461], [451, 460]]",491
telomerase_AF221937.99-545,GGGUUGAGAAUGGUGGGCCGGGAGGGGAGGUGGGCAUGUUUUGUCUAACCCUAACUAGGAGGAGGACGUAGGCGCCGUGCUUUUGUUCCCCGCGCGCUGUUUUUCUCGCUGACUUUCAGCGUGCGGAAAAGCCUUGGCCUGCCGUCGACCACUGUCUAAUUAAAAGCAAACAAAAAAUGUCAGCGUGGCCGGUCCGCCCCUCCCGGGUACCUGCGGCAGCUCGCCCGGCUGGCCCCCGAGCCCCGCCCAGGGCCACGGCUGGCGCGGGGCUUCUCCGGGAGCGCCAUGGCCGCCGCGAAGAGUUCGUCUCUGUCAGCCGCGGGUCGCGCGGGGGCCGCGGGGGAGUCCUAGGCCGAGUGGCCGCAGGAAGAGAAACGGAGCCUGUCCCUGUGCACGGGGCGCUUCUCUGAGCUGUGGGAAGUGCCCCGAGACUCGGCUCCUACAAGC,.................((((((((((.((.((.((............................(((((((((.....(((((.......(((((((((........<<<<<<<<<)))))))))..)))))....))))).))))............................>>>.>>>>>>.)).))...)).)))))))).))..(((((((......(.((..((((((((((...(((((.......(.(((.((((...((...............))...))))))).).((((.....)))).......))))).....)))))))..)))..).).).............)))))))..........(((((.(((.(........((((((.((((........)))).)))))).).)))..)))))........,"[[18, 207], [19, 206], [20, 204], [21, 203], [22, 202], [23, 201], [24, 200], [25, 199], [26, 198], [27, 197], [29, 195], [30, 194], [32, 190], [33, 189], [35, 187], [36, 186], [65, 146], [66, 145], [67, 144], [68, 143], [69, 141], [70, 140], [71, 139], [72, 138], [73, 137], [79, 132], [80, 131], [81, 130], [82, 129], [83, 128], [91, 125], [92, 124], [93, 123], [94, 122], [95, 121], [96, 120], [97, 119], [98, 118], [99, 117], [108, 184], [109, 183], [110, 182], [111, 181], [112, 180], [113, 179], [114, 177], [115, 176], [116, 175], [210, 367], [211, 366], [212, 365], [213, 364], [214, 363], [215, 362], [216, 361], [223, 347], [225, 345], [226, 343], [229, 340], [230, 339], [231, 338], [232, 335], [233, 334], [234, 333], [235, 332], [236, 331], [237, 330], [238, 329], [242, 323], [243, 322], [244, 321], [245, 320], [246, 319], [254, 297], [256, 295], [257, 294], [258, 293], [260, 292], [261, 291], [262, 290], [263, 289], [267, 285], [268, 284], [299, 311], [300, 310], [301, 309], [302, 308], [378, 439], [379, 438], [380, 437], [381, 436], [382, 435], [384, 432], [385, 431], [386, 430], [388, 428], [397, 426], [398, 425], [399, 424], [400, 423], [401, 422], [402, 421], [404, 419], [405, 418], [406, 417], [407, 416]]",447
telomerase_AF221917.99-542,GGGUUGCGGAGGGUGGGCCUGGGAGGGGUGGCGGUCGUUUUAUGUCUAACCCUAACUGAGAAGGGCAUAGGCGCUGCGCUUUUGUUCCCCGCACGCUGUUUUUCUCGCUGACUUUCAGCGGGCGGAAAAGCCUCGGCCUACUGCCAUCCACCAUCCAGUUUGGAGCAAACAAAAAAUGUCAGCCGCCGGCCUGCUCGCCCCUCCCGGGAUCCUGCGGUGGCUCGCCCGCUUAGCCCCCGCGUCCCGCCUGGAGGCCGCGGUCGGCCCGGGGCUUCUCCGGAGGCACCCAUUGCCGUCGCGAAGAGUUGGGCUCUGUCAGCCGCGGGACCUUUGGGGGCCAAGGGCGAGGCUCUGGCCGCAGGGAGAGAAAACGGAGCGGGUCCCCUUGCGCGGUGCGCUUCCCUGAGCUGUGGGACUUGCACCCGGGACUAGGCUCACACACAU,.................((((((((((((((.(((((..........................(((((((((.....(((((.......(((.(((((........<<<<<<<<<))))).)))..)))))....))))).))))............................>>>.>>>>>>...)))))...))))))))))))))..(((((((......((((((((.(((((((...(((((........(((((.((((..(((...............)))...))))))))).(((((...))))).......))))).....)))))))...))))).))).....)))))))...........((((.((((((........(((((..((((........))))..)))))..))))))..))))........,"[[18, 208], [19, 207], [20, 206], [21, 205], [22, 204], [23, 203], [24, 202], [25, 201], [26, 200], [27, 199], [28, 198], [29, 197], [30, 196], [31, 195], [33, 191], [34, 190], [35, 189], [36, 188], [37, 187], [64, 145], [65, 144], [66, 143], [67, 142], [68, 140], [69, 139], [70, 138], [71, 137], [72, 136], [78, 131], [79, 130], [80, 129], [81, 128], [82, 127], [90, 124], [91, 123], [92, 122], [94, 120], [95, 119], [96, 118], [97, 117], [98, 116], [107, 183], [108, 182], [109, 181], [110, 180], [111, 179], [112, 178], [113, 176], [114, 175], [115, 174], [211, 362], [212, 361], [213, 360], [214, 359], [215, 358], [216, 357], [217, 356], [224, 350], [225, 349], [226, 348], [227, 346], [228, 345], [229, 344], [230, 343], [231, 342], [233, 338], [234, 337], [235, 336], [236, 335], [237, 334], [238, 333], [239, 332], [243, 326], [244, 325], [245, 324], [246, 323], [247, 322], [256, 300], [257, 299], [258, 298], [259, 297], [260, 296], [262, 295], [263, 294], [264, 293], [265, 292], [268, 288], [269, 287], [270, 286], [302, 314], [303, 313], [304, 312], [305, 311], [306, 310], [374, 436], [375, 435], [376, 434], [377, 433], [379, 430], [380, 429], [381, 428], [382, 427], [383, 426], [384, 425], [393, 422], [394, 421], [395, 420], [396, 419], [397, 418], [400, 415], [401, 414], [402, 413], [403, 412]]",444
telomerase_AF221912.98-564,GGGAGUGGAGGGUGGGCCCGGGACGGGCGCGGACCCGGUAAUCUAACCCUGACUCACAAGAGGCGUAGGCGCCGUGCUUUUGCUCCCCGCGCGCUGUUUUUCUCGCUGACUUUCAGCGUUCGGAAAAGCCCUGUGGCCUAUCGCCAUCCACCAUCCUUUCUGGAACAAACAGACAAAAAAAAAAAUGUCAGCUGCUGGUCCGUUCGCUCCUCCCGGGCCCUGCGGUGGCCGCCAGCCCGCCCUCUCAUCCCCCGCGUCCCGCCUAGAGGCCGCGGUCGGCCCGGGGCUUCUCCGGAGGUGCCCAUUGCCGCCGCGAAGAGUUAGGCUCUGUCAGCCGCGGGCUCUCGGGGGGCCCAGGGCGAGGUUUAGGCCUCGUGGCCGCAGGGACAGCAACGGAGCGGGUCCCCGCGAGCCUGUGCGCGUCCCUGAGCCGUGGGACUUGCACCGGGGACUUUGCUCGGACAAUC,................(((((((.(((((.((.(...........................(((((((((.....(((((.......((.((((((........<<<<<<<<<)))))).))..)))))......))))).)))).....................................>>>.>>>>>>....).))....))))).))))))).(((((((.............((((.(((.(((((((...(((((........(((((.((((..(((...............)))...))))))))).(((((...))))).......)))))....)))))))....))).).))).............)))))))..........(((((((((((.........(((((..((((........))))..)))))..))))))).))))........,"[[17, 217], [18, 216], [19, 215], [20, 214], [21, 213], [22, 212], [23, 211], [25, 209], [26, 208], [27, 207], [28, 206], [29, 205], [31, 200], [32, 199], [34, 197], [62, 145], [63, 144], [64, 143], [65, 142], [66, 140], [67, 139], [68, 138], [69, 137], [70, 136], [76, 129], [77, 128], [78, 127], [79, 126], [80, 125], [88, 122], [89, 121], [91, 119], [92, 118], [93, 117], [94, 116], [95, 115], [96, 114], [105, 192], [106, 191], [107, 190], [108, 189], [109, 188], [110, 187], [111, 185], [112, 184], [113, 183], [219, 385], [220, 384], [221, 383], [222, 382], [223, 381], [224, 380], [225, 379], [239, 365], [240, 364], [241, 363], [242, 361], [244, 359], [245, 358], [246, 357], [248, 352], [249, 351], [250, 350], [251, 349], [252, 348], [253, 347], [254, 346], [258, 341], [259, 340], [260, 339], [261, 338], [262, 337], [271, 315], [272, 314], [273, 313], [274, 312], [275, 311], [277, 310], [278, 309], [279, 308], [280, 307], [283, 303], [284, 302], [285, 301], [317, 329], [318, 328], [319, 327], [320, 326], [321, 325], [396, 459], [397, 458], [398, 457], [399, 456], [400, 454], [401, 453], [402, 452], [403, 451], [404, 450], [405, 449], [406, 448], [416, 445], [417, 444], [418, 443], [419, 442], [420, 441], [423, 438], [424, 437], [425, 436], [426, 435]]",467
telomerase_AF221916.94-481,GUCUAACCCUAUUGUUAUAGCUGUGGGUUCUGUUCUUUUGUUCUCCGCCCGCUGUUUUUCUCGCUGACUUUCAGCGGGCCUGGAAAGUUCAGACCUGCAGCGGGUCACCGCGCAUUCUGGAACCUCAAAAAAUGUCAGCGUAGGAGCUCUGGUGCCAGAGCUCCGCGGCGCUGGGCCGCCCAGCCCGGUACCCGCCUGGAGGCCGCGGACGGCCUGGGGUCUUAGAACUCCGCUGCCGCCGUGAAGAGCUAGUCUCUGUUAGCUACGGGGCACCGGGCGCUGGGGUCAGGCCGGGAGAGCGCCGCAAGGACAGUAACGGAACUGGUCCCUGAGUUCGGUGGCUUUCCUGAGAUGUGGGAAGUGCACCUGGAACUCAGUUCCUACAACC,...................(((((((((......((((........((((((((........<<<<<<<<<))))))))....)))).....)))))))))............................>>>.>>>>>>......................(..((((.....((((((((.(((((((.((((.........(((((.((((..(((..........)))...))))))))).((((.....))))........))))..)))))))....))))..)))).........))))..)..........((((((((.((........(((((.((((........)))).)).)))..)).))).)))))........,"[[20, 101], [21, 100], [22, 99], [23, 98], [24, 97], [25, 96], [26, 95], [27, 94], [28, 93], [35, 87], [36, 86], [37, 85], [38, 84], [47, 79], [48, 78], [49, 77], [50, 76], [51, 75], [52, 74], [53, 73], [54, 72], [63, 139], [64, 138], [65, 137], [66, 136], [67, 135], [68, 134], [69, 132], [70, 131], [71, 130], [162, 308], [165, 305], [166, 304], [167, 303], [168, 302], [174, 292], [175, 291], [176, 290], [177, 289], [178, 286], [179, 285], [180, 284], [181, 283], [183, 278], [184, 277], [185, 276], [186, 275], [187, 274], [188, 273], [189, 272], [191, 269], [192, 268], [193, 267], [194, 266], [204, 243], [205, 242], [206, 241], [207, 240], [208, 239], [210, 238], [211, 237], [212, 236], [213, 235], [216, 231], [217, 230], [218, 229], [245, 257], [246, 256], [247, 255], [248, 254], [319, 380], [320, 379], [321, 378], [322, 377], [323, 376], [324, 374], [325, 373], [326, 372], [328, 370], [329, 369], [338, 366], [339, 365], [340, 364], [341, 362], [342, 361], [344, 359], [345, 358], [346, 357], [347, 356]]",388
telomerase_AF221914.112-589,GUCCAGCUGCGGGGGAGACAGUGUCGCUCUCUAACCCUAAUGUGGGGGCAACGCGGGCCCUUUGUUUAAAGUCCCGCUGUCGGGAGCCCUCGCUGUUUUCUUGGCUAACUUUCAGCGAUGGCGAAAGGGCCCAGCAAAGGUUGGGAAGCGUGAUUUAUUGUUGGUGGGCAGAGAGAAAAAAGUUUAAGCCGCGGCCUCCUCCCCGGCGGCCCAGGACCCCCUGUUGCAACGUGCGGAAUGGCGGCCUCGGCCCCCCUGCUGCACGCCCAGCCGUUUAGGCCGCGGUCAGCGCCGGUUUCCACGCCAGUGUGGGGCUUGAUGCUGUCGCGAAGAGUUCGUCUCUGUUAGCCUGGCAGGGUGUGCUACGCAGGGUCGGGGUGCGGAGGGCAGGGAGAUUAAAUAGCUUGACCAGACGCUAUGGCCUGUACUGCAUUUCCCAGAGCUGUGGGACCUGCAAAUCUGCGCUGGUCAUACAUUU,((((.(((((.((((((........................................(((((........................((.((((((........<<<<<<<<<)))))).))...)))))................................................>>>.>>>..>>>.........)))))).)))))...))))..((((((..................((((((((((.......((((((((.((((.......(((((.((((..(((....................)))..))))))))).((((.....)))).......)))).))))))))......))))))))))......))))))...............((((((.(((............((((..((((........))))..)))).....)))))))))........,"[[1, 217], [2, 216], [3, 215], [4, 214], [6, 210], [7, 209], [8, 208], [9, 207], [10, 206], [12, 204], [13, 203], [14, 202], [15, 201], [16, 200], [17, 199], [58, 129], [59, 128], [60, 127], [61, 126], [62, 125], [87, 121], [88, 120], [90, 118], [91, 117], [92, 116], [93, 115], [94, 114], [95, 113], [104, 189], [105, 188], [106, 187], [107, 184], [108, 183], [109, 182], [110, 180], [111, 179], [112, 178], [220, 391], [221, 390], [222, 389], [223, 388], [224, 387], [225, 386], [244, 379], [245, 378], [246, 377], [247, 376], [248, 375], [249, 374], [250, 373], [251, 372], [252, 371], [253, 370], [261, 363], [262, 362], [263, 361], [264, 360], [265, 359], [266, 358], [267, 357], [268, 356], [270, 354], [271, 353], [272, 352], [273, 351], [281, 329], [282, 328], [283, 327], [284, 326], [285, 325], [287, 324], [288, 323], [289, 322], [290, 321], [293, 318], [294, 317], [295, 316], [331, 343], [332, 342], [333, 341], [334, 340], [407, 470], [408, 469], [409, 468], [410, 467], [411, 466], [412, 465], [414, 464], [415, 463], [416, 462], [429, 456], [430, 455], [431, 454], [432, 453], [435, 450], [436, 449], [437, 448], [438, 447]]",478
telomerase_AF221930.94-546,GGCCGGCGUGCCUGGGAGGGGGGGCUGGUCCCACUCUUCUAACCCUAAGGGUGUCGGCUGUAGGCGCCGUGCUUUUUACUUCCCCGCGCGCUGUUUUUCUGGCUGGCUUUCAGCGAGCGGAAAAAGCUUUGGUCUACAGGCCACUCACUUUGUAUCCCGAAACCAAAUUGAAAAAAAAAAAUGCCAGCUCCGGCCGGUCCACCCCUCCCGGGGUCCUGCGGCCCGGCCGCCCGCCCGAACCCCCCGCGACCCGCCUGAGGCCACGGCCGGCCCGGGGCCUCUGCGGAGGUGCCCAUUGCCGCCGCGAAGAGUUAGGCUCUGUCAGCCGCGGGAUCCGCGCGGGCCGGGCCGCGGCCGGACGCCGAUCCGCAGGGACAGCAACGGAACCGGCCCCUUCGCCCUGUGCGCUUCCCGGAGCUGUGGGAUGAGCACCCGGGGUCGGCUCCUACAGUU,..........((((((((((((((((((((...........................((((((((.....(((((.........(((.(((((........<<<<<<<<<))))).)))...)))))....)))))))).......................................>>>.>>>>>>...))))))))).)))))))))))..(((((((.......(((((((((...(((.(((..(((((.......(.(((.((((..(((...............)))...))))))).).(((((...))))).......)))))....))).))).))))).).)))...........)))))))..........((.((((((((........((((.(.((((........)))).).))))..)))))))).))........,"[[11, 212], [12, 211], [13, 210], [14, 209], [15, 208], [16, 207], [17, 206], [18, 205], [19, 204], [20, 203], [21, 202], [22, 200], [23, 199], [24, 198], [25, 197], [26, 196], [27, 195], [28, 194], [29, 193], [30, 192], [58, 139], [59, 138], [60, 137], [61, 136], [62, 135], [63, 134], [64, 133], [65, 132], [71, 127], [72, 126], [73, 125], [74, 124], [75, 123], [85, 119], [86, 118], [87, 117], [89, 115], [90, 114], [91, 113], [92, 112], [93, 111], [102, 188], [103, 187], [104, 186], [105, 185], [106, 184], [107, 183], [108, 181], [109, 180], [110, 179], [215, 373], [216, 372], [217, 371], [218, 370], [219, 369], [220, 368], [221, 367], [229, 355], [230, 354], [231, 353], [232, 351], [233, 349], [234, 348], [235, 347], [236, 346], [237, 345], [241, 343], [242, 342], [243, 341], [245, 339], [246, 338], [247, 337], [250, 332], [251, 331], [252, 330], [253, 329], [254, 328], [262, 306], [264, 304], [265, 303], [266, 302], [268, 301], [269, 300], [270, 299], [271, 298], [274, 294], [275, 293], [276, 292], [308, 320], [309, 319], [310, 318], [311, 317], [312, 316], [384, 445], [385, 444], [387, 442], [388, 441], [389, 440], [390, 439], [391, 438], [392, 437], [393, 436], [394, 435], [403, 432], [404, 431], [405, 430], [406, 429], [408, 427], [410, 425], [411, 424], [412, 423], [413, 422]]",453
telomerase_AF221939.99-544,GGGUUGUGGAGGGUGGGCCUGGGAGGGGAAGCGGUCAGUUUUUGUCUAACCCUAACUGAGAAGGGCGUAGGCGCCGCGCUUUUGUUUCCCGCACGCUGUUUUUUUCGCUGACUUUCAGCGGGCGGAAAAGCCUCGGCCUACCGCCGUCCACCGUACAGUUUGGAGCAAACAAAAAAUGUCAGCUGCUGACUUGCUCGCCCCUCCCAGGACCCUGCGGUGGCUCGCCUCCUUAGCCCCCGCGUCCCGCCUAGAGGCCGCGGUCGGCCCGGGGCUUCUCCGGAGGCACCCAUUGCCGUCGCGAAGAGUUGGGCUCUGUCAGCCGCGGGUCCCUUGGGGGGGCCGAGGGCGAGGCUCUGACCGCAGGGAGAGAAACGGGAGCAGGUCCCCGCGCGCGGUGCGCUUCCCUGAGCUGUGGGACUUGCACCCGGGACUGGGCUCAGACACAU,.................(((((((((((..(.(((((..........................(((((((((.....(((((.......(((.(((((........<<<<<<<<<))))).)))..)))))....))))).))))............................>>>.>>>>>>...)))))...)..)))))))))))..(((((((......((((((((..((((((...(((((........(((((.((((..(((...............)))...))))))))).(((((...))))).......))))).....))))))......))).))))).....)))))))...........((((.((((((........(((((..((((........))))..)))))..))))))..))))........,"[[18, 208], [19, 207], [20, 206], [21, 205], [22, 204], [23, 203], [24, 202], [25, 201], [26, 200], [27, 199], [28, 198], [31, 195], [33, 191], [34, 190], [35, 189], [36, 188], [37, 187], [64, 145], [65, 144], [66, 143], [67, 142], [68, 140], [69, 139], [70, 138], [71, 137], [72, 136], [78, 131], [79, 130], [80, 129], [81, 128], [82, 127], [90, 124], [91, 123], [92, 122], [94, 120], [95, 119], [96, 118], [97, 117], [98, 116], [107, 183], [108, 182], [109, 181], [110, 180], [111, 179], [112, 178], [113, 176], [114, 175], [115, 174], [211, 364], [212, 363], [213, 362], [214, 361], [215, 360], [216, 359], [217, 358], [224, 352], [225, 351], [226, 350], [227, 349], [228, 348], [229, 346], [230, 345], [231, 344], [234, 337], [235, 336], [236, 335], [237, 334], [238, 333], [239, 332], [243, 326], [244, 325], [245, 324], [246, 323], [247, 322], [256, 300], [257, 299], [258, 298], [259, 297], [260, 296], [262, 295], [263, 294], [264, 293], [265, 292], [268, 288], [269, 287], [270, 286], [302, 314], [303, 313], [304, 312], [305, 311], [306, 310], [376, 438], [377, 437], [378, 436], [379, 435], [381, 432], [382, 431], [383, 430], [384, 429], [385, 428], [386, 427], [395, 424], [396, 423], [397, 422], [398, 421], [399, 420], [402, 417], [403, 416], [404, 415], [405, 414]]",446
telomerase_AY312571.605-1069,ACGCGUGGCGGGUGGAAGGCUCCGCUGUGCCUAACCCUAAUCGGGGGAAUUGAUGGUGCUGUCGCCGCGCUCCCUCCGCCCGCCCGCUGUUUUACUCGCUGACUUUCAGCGGGCGAGAGGAGCCGCCCCGGGGGGGAGGCGGGCGGCGGGAGGGGGCCGGGGCGCCGCGGCGGUGGGGGUCGGGGGGGGGAGAGAAAGGGCCGAAAGGGGCUCCGCGGCCAAAAAAACGUCAGCGAGGGGUCCGCUCGCCCCGAUCCGCCCUGGGGUCCCCGCUCGCGUGGCCGCGGUCGGCCGGCACCCGCCAUUGCCGCCGCGAAGAGUUCGCCUCUGUCAGCCUCGGCGGCGCGCGGGAGGUGCGGCGCGCGGCCCCGCGCCCCCAGCAGAGCAAACGGGAGCGGCGCCCCCGGGGUAACCCCCGCGCUCCCCUGCGCCGUGGGGCGCGCGGACGGCGUCGCUCCCACACGC,....((.(.((((((..(((((....................................((.((.....(((((.......(((((((((........<<<<<<<<<)))))))))...)))))........))...))......................................................................................>>>.>>>>>>...)))))...))))))).)).....((((((..((((((((......(((((.((((.(((....)))...))))))))).((((.....))))........)))......))))).......................))))))............((((((((((.............((((((.((((........)))).))))))..))))))))))........,"[[5, 255], [6, 254], [8, 252], [10, 251], [11, 250], [12, 249], [13, 248], [14, 247], [15, 246], [18, 242], [19, 241], [20, 240], [21, 239], [22, 238], [59, 138], [60, 137], [62, 133], [63, 132], [69, 123], [70, 122], [71, 121], [72, 120], [73, 119], [81, 115], [82, 114], [83, 113], [84, 112], [85, 111], [86, 110], [87, 109], [88, 108], [89, 107], [98, 234], [99, 233], [100, 232], [101, 231], [102, 230], [103, 229], [104, 227], [105, 226], [106, 225], [261, 380], [262, 379], [263, 378], [264, 377], [265, 376], [266, 375], [269, 351], [270, 350], [271, 349], [272, 348], [273, 347], [274, 340], [275, 339], [276, 338], [283, 315], [284, 314], [285, 313], [286, 312], [287, 311], [289, 310], [290, 309], [291, 308], [292, 307], [294, 303], [295, 302], [296, 301], [317, 329], [318, 328], [319, 327], [320, 326], [393, 457], [394, 456], [395, 455], [396, 454], [397, 453], [398, 452], [399, 451], [400, 450], [401, 449], [402, 448], [416, 445], [417, 444], [418, 443], [419, 442], [420, 441], [421, 440], [423, 438], [424, 437], [425, 436], [426, 435]]",465
telomerase_AF221926.103-507,ACAGUGGGAAUAGGAGGGAGUCUAUAUUUCUAACCCUAAUAUACCCGGUUCAGGGCUCUUAUGUGGCGCUCGUUGUUUUGCCGGUUGCCUUUCAGCGGGCGAAAGAGCUCAGAGAAGCGAGGACCAAAAAACGGCAGCCGCGGGCCCUCCUGUUCCCACCAUCCCAGCUUUUCCACACUGCGCCUGGGUUCUCACUCAAGUGUUCGGCAGCUUCCACUUACGAGGCCGCGGUCUACCGCUGUCACUGGUAGUCGCGAAGAGUUCGUCUCUGUCAGCCUUGGGAGCCGCGGACGGAGUAUGAGGUCCAGUAAUGAGAGCAGGGAAGAGUAAAGCGAGCCGCGCUACUUGUCCUAUCUGCCGCUCCUAAGCUGUGGGGCGUGUAGGGUACACAAGGCUCCGACAUUC,...(((((((((((((((....................................(((((.......(((((((((........<<<<<<<<<)))))))))..)))))....................>>>.>>>>>>......)))))))))))))))...(((.(((..............(((((((.............((.((.((((((...........(((((.((((...........))))))))).((((.....)))).........)))))).)).))..........))))))).......))).)))...........(((((....(...........((((..((((........))))...)))).....)...)))))........,"[[4, 159], [5, 158], [6, 157], [7, 156], [8, 155], [9, 154], [10, 153], [11, 152], [12, 151], [13, 150], [14, 149], [15, 148], [16, 147], [17, 146], [18, 145], [55, 108], [56, 107], [57, 106], [58, 105], [59, 104], [67, 101], [68, 100], [69, 99], [70, 98], [71, 97], [72, 96], [73, 95], [74, 94], [75, 93], [84, 138], [85, 137], [86, 136], [87, 135], [88, 134], [89, 133], [90, 131], [91, 130], [92, 129], [163, 322], [164, 321], [165, 320], [167, 318], [168, 317], [169, 316], [184, 308], [185, 307], [186, 306], [187, 305], [188, 304], [189, 303], [190, 302], [204, 291], [205, 290], [207, 288], [208, 287], [210, 285], [211, 284], [212, 283], [213, 282], [214, 281], [215, 280], [227, 256], [228, 255], [229, 254], [230, 253], [231, 252], [233, 251], [234, 250], [235, 249], [236, 248], [258, 270], [259, 269], [260, 268], [261, 267], [334, 397], [335, 396], [336, 395], [337, 394], [338, 393], [343, 389], [355, 383], [356, 382], [357, 381], [358, 380], [361, 376], [362, 375], [363, 374], [364, 373]]",405
telomerase_AF221940.103-499,CCAGCGGUAAUAGGAGAGUUCUAUCCUUCUAACCCUAAUGCACAGACCCCUCGCUGCUCUUCAUGCUCGUUGUUUUUCUCGCUGACUUUCAGCGGGCGAAAGAGCAAUGGAAGCUCAGGACUAAAAAACGUCAGCCGUAGGCUUUCCUAUAGCCGCAGGCCUGCCUGUCAGUGUGCGCGGCCUCUGCUCGCAAUGUCCGCAGCGCCUUCCUAUGAGGCCGCAGUCUGCCAAUACCCCGGGCAGCCGCGAAGAGCUCGUCUCUGUCAGCCUUUGGCGCUGCGGCGGAGUGGGGGAGGCCGCUGAUGGCAGCUGAGAAUAAAGCGAGCCCAGCUGCCCCGCUCUGUUCCACUGCCCCUGAGCUGUGGGGUUGGUGAAUUGCAGCAUGGCUCCGACAACU,...(((((.(((((((((.((((................................(((((...(((((((((........<<<<<<<<<)))))))))..)))))....................>>>.>>>>>>..))))))))))))).)))))....(((((...........(((((((((...........((((((((((............(((.(.((((...........))))).))).((((.....))))..........)))))))))).........)))))))))....))))).............(((((..((((.............(((((((((........)))).))))).....))))..)))))........,"[[4, 156], [5, 155], [6, 154], [7, 153], [8, 152], [10, 150], [11, 149], [12, 148], [13, 147], [14, 146], [15, 145], [16, 144], [17, 143], [18, 142], [20, 141], [21, 140], [22, 139], [23, 138], [56, 105], [57, 104], [58, 103], [59, 102], [60, 101], [64, 98], [65, 97], [66, 96], [67, 95], [68, 94], [69, 93], [70, 92], [71, 91], [72, 90], [81, 135], [82, 134], [83, 133], [84, 132], [85, 131], [86, 130], [87, 128], [88, 127], [89, 126], [161, 309], [162, 308], [163, 307], [164, 306], [165, 305], [177, 300], [178, 299], [179, 298], [180, 297], [181, 296], [182, 295], [183, 294], [184, 293], [185, 292], [197, 282], [198, 281], [199, 280], [200, 279], [201, 278], [202, 277], [203, 276], [204, 275], [205, 274], [206, 273], [219, 248], [220, 247], [221, 246], [223, 244], [225, 243], [226, 242], [227, 241], [228, 240], [250, 262], [251, 261], [252, 260], [253, 259], [323, 389], [324, 388], [325, 387], [326, 386], [327, 385], [330, 382], [331, 381], [332, 380], [333, 379], [347, 373], [348, 372], [349, 371], [350, 370], [351, 369], [352, 367], [353, 366], [354, 365], [355, 364]]",397
telomerase_AF221909.98-496,GACGCGCGCCUCUUCUAACCCUAAAAACUGGAGCUGUAGGUGUUGCUCUUUCAGCGUCGCCCGCUGUUUUUCUCGCUGGCUUUCAGCGGGCCAGAAAGUUCAGACCUCUCAGCAGAUCGUCGCGUCGUUCUCAACCACAAAAAAUGCCAGCGCAAAGCGCGUCAGCCUAGAACCUUGCGGCCCCGGGCCGCCCAGCCCCGCACCCGCCUUGAGGCCGCGGUUGGCCUGGAGUUCUCCGGACUCCGCUGCCGCCGCGAAGAGUUCGUCUCUGUCAGCCGCGGAGUAUCAGGGGCUGGGGCCAGGCCCGGACAGCGUCGCAAGUACAGUAACGGAGCUGGUCCUUGUUCGGUGGCUUCCCUGAGCUGUAGGAAGUACACCCAGAGCUCGGCUCCUACAACC,(((((((.........................((((.((((......((((.......((((((((........<<<<<<<<<))))))))...)))).....))))..))))............................>>>.>>>>>>.....)))))))..........(((((((.....((((((((((((((....((((........(((((.((((..(((...........)))...))))))))).((((.....)))).......)))).......)))))).))))..)))).........)))))))..........((((((((.((......(((((((((..........)))))).)))..)).))).)))))........,"[[1, 163], [2, 162], [3, 161], [4, 160], [5, 159], [6, 158], [7, 157], [33, 113], [34, 112], [35, 111], [36, 110], [38, 107], [39, 106], [40, 105], [41, 104], [48, 98], [49, 97], [50, 96], [51, 95], [59, 91], [60, 90], [61, 89], [62, 88], [63, 87], [64, 86], [65, 85], [66, 84], [75, 151], [76, 150], [77, 149], [78, 148], [79, 147], [80, 146], [81, 144], [82, 143], [83, 142], [174, 321], [175, 320], [176, 319], [177, 318], [178, 317], [179, 316], [180, 315], [186, 305], [187, 304], [188, 303], [189, 302], [190, 299], [191, 298], [192, 297], [193, 296], [194, 294], [195, 293], [196, 292], [197, 291], [198, 290], [199, 289], [204, 281], [205, 280], [206, 279], [207, 278], [216, 256], [217, 255], [218, 254], [219, 253], [220, 252], [222, 251], [223, 250], [224, 249], [225, 248], [228, 244], [229, 243], [230, 242], [258, 270], [259, 269], [260, 268], [261, 267], [332, 391], [333, 390], [334, 389], [335, 388], [336, 387], [337, 385], [338, 384], [339, 383], [341, 381], [342, 380], [349, 377], [350, 376], [351, 375], [352, 373], [353, 372], [354, 371], [355, 370], [356, 369], [357, 368]]",399
telomerase_AF221925.98-540,GGGUGGGGGAGAGUGGGUCUGGGCGGGGCGGCGGUCACGUUUUGUCUAACCCUAACUGAGCUGGGCGGAGGCGCCGCGCUUUUGCUCCCCGCGCGCUGUUUUUCUCGCUGACUUUCAGCGGGCGGAAAAGCCUCGGUCUACCGCCACUUACCAUCCAGUCUGGAGUAAACAAAAAAUGUCAGCCGCUGGCUCGCUCGCCCCUCCCGGGACCCUGCGACGGCUCGCCCGCCCAGCCCCCGCGCCCCGCCUGGAGGCCGCGGUCGGCCCGGGGCUUCUCCGGAGGCGCCCAAUGCCGCCGCGAAGAGUUGGGCUCUGUCAGCCGCGGGUGCCUCGGGGGCCAGGGACGAGGCUCUGGCCGCAGGGAGAGGAACGGAGCGGGUCCCCGCGCGCGGUGCGCUUCCCUGAGCUGUGGGACGUGCACCCGGGACUCGGCUCAAACACGU,.................((((((.(((((((.(((((..........................((((.((((.....(((((.......(((.(((((........<<<<<<<<<))))).)))..)))))....))))..))))............................>>>.>>>>>>...)))))...))))))).))))))..((((((.......(((((.((.(((((((...(((((........(((((.((((..(((...............)))...))))))))).(((((...))))).......))))).....)))))))...)).)).)))......))))))..........(((((((((((........((((((.((((........)))).))))))..))))))).))))........,"[[18, 208], [19, 207], [20, 206], [21, 205], [22, 204], [23, 203], [25, 201], [26, 200], [27, 199], [28, 198], [29, 197], [30, 196], [31, 195], [33, 191], [34, 190], [35, 189], [36, 188], [37, 187], [64, 145], [65, 144], [66, 143], [67, 142], [69, 139], [70, 138], [71, 137], [72, 136], [78, 131], [79, 130], [80, 129], [81, 128], [82, 127], [90, 124], [91, 123], [92, 122], [94, 120], [95, 119], [96, 118], [97, 117], [98, 116], [107, 183], [108, 182], [109, 181], [110, 180], [111, 179], [112, 178], [113, 176], [114, 175], [115, 174], [211, 362], [212, 361], [213, 360], [214, 359], [215, 358], [216, 357], [224, 350], [225, 349], [226, 348], [227, 346], [228, 345], [230, 343], [231, 342], [233, 338], [234, 337], [235, 336], [236, 335], [237, 334], [238, 333], [239, 332], [243, 326], [244, 325], [245, 324], [246, 323], [247, 322], [256, 300], [257, 299], [258, 298], [259, 297], [260, 296], [262, 295], [263, 294], [264, 293], [265, 292], [268, 288], [269, 287], [270, 286], [302, 314], [303, 313], [304, 312], [305, 311], [306, 310], [373, 435], [374, 434], [375, 433], [376, 432], [377, 430], [378, 429], [379, 428], [380, 427], [381, 426], [382, 425], [383, 424], [392, 421], [393, 420], [394, 419], [395, 418], [396, 417], [397, 416], [399, 414], [400, 413], [401, 412], [402, 411]]",443
telomerase_AF221934.121-565,UCUCUCCGGAGAGGGGCGGUUUCUCUGUCUUCUAACCCUAAUGCGGUGCUUCGGCAGAAGCUCUCCACUGCGUACGCUCACUGUUUUUCUAGCUAACUUUCAGUGAGCAGGGAGAGCGAAGUCCAGUUUCACGACAACGGAGAAAAAAUGUUAGCUGGGGAACGUCCCUUUCCCGAGAGCCCGCGCCGUCCUUUUUCUUCCUCGGGCCCGUUGGCAUAGCCCCUGGCCUCCUCGCUCUAUAGGCCGCGGUCAGCUCGGGCCCCAGCUCCGGCAGGGGUUCCACUGCUGCCGCGAAGAGUUCGCCUCUGUCAGCCUUGAGGUGGCCGGGAUAGAAUAGGCGGGCUCGCGGCAGCGCGCGGGAAAGAGCAAAUGGUGAACUGGGUGCCUGUUGGGGUCGCGUCCCUGAAGAGUGGGAAGUGCGAUCUGUGUUCCUGUUCAGACACAC,.(((((.(((..((((((.((((....................................(((((...........((((((((........<<<<<<<<<))))))))....)))))............................>>>.>>>>>>..)))).)))))))))...)))))(((((((................((((((((((.(.......(((((((.(((((..........(((((.((((..(((...................)))...))))))))).((((.....))))........))))).)))))))......).)))))))))).......)))))))..............((((.((((((.........(((((((((........))))..)))))...))))).).))))........,"[[2, 179], [3, 178], [4, 177], [5, 176], [6, 175], [8, 171], [9, 170], [10, 169], [13, 168], [14, 167], [15, 166], [16, 165], [17, 164], [18, 163], [20, 161], [21, 160], [22, 159], [23, 158], [60, 117], [61, 116], [62, 115], [63, 114], [64, 113], [76, 108], [77, 107], [78, 106], [79, 105], [80, 104], [81, 103], [82, 102], [83, 101], [92, 155], [93, 154], [94, 153], [95, 152], [96, 151], [97, 150], [98, 148], [99, 147], [100, 146], [180, 360], [181, 359], [182, 358], [183, 357], [184, 356], [185, 355], [186, 354], [203, 346], [204, 345], [205, 344], [206, 343], [207, 342], [208, 341], [209, 340], [210, 339], [211, 338], [212, 337], [214, 335], [222, 328], [223, 327], [224, 326], [225, 325], [226, 324], [227, 323], [228, 322], [230, 320], [231, 319], [232, 318], [233, 317], [234, 316], [245, 293], [246, 292], [247, 291], [248, 290], [249, 289], [251, 288], [252, 287], [253, 286], [254, 285], [257, 281], [258, 280], [259, 279], [295, 307], [296, 306], [297, 305], [298, 304], [375, 437], [376, 436], [377, 435], [378, 434], [380, 432], [381, 430], [382, 429], [383, 428], [384, 427], [385, 426], [395, 422], [396, 421], [397, 420], [398, 419], [399, 418], [400, 415], [401, 414], [402, 413], [403, 412]]",445
telomerase_AF147806.247-692,ACACGUGGCGGGUGGAAGGCUCCGCUGUGUCUAACCCUAAUCGGAGGUAUUGAUGGUACUGUCGCCGCGCUCCCUCCGCCCGCUGUUUACUCGCUGACUUUCAGCGGGCUAGGGGAGCCGCCCCAGGGGGCGCCGCGGGGGGGAGGGGGUGGGGCGGACGCGGGAGAAAGGACCGAAAGGGGCUCCACGGCAAACAAAAAAAAAAAAACGUCAGCGAGGGGUCCUCUCGCCCCCAUCCGCCCUGGGGUCCUCGCCCGCAGGCCGCGGUCGGCCGGCACCCGCCAUUGCCGCCGCGAAGAGUUCGCCUCUGUCAGCCUCGGCGGGGCCCGGGAGAUGCGGAGCGCGGCCCCGCGCCCCCAGCAGAGCAACACGGGAGCGGCGCCCCCGGGGCAACCCCCGCGCCCCCCUGCGCCGUGGGGCGCGCGGACGGCGUCGCUCCCACACGC,....((((.((((((..(((((....................................(((.......(((((....((((((((.......<<<<<<<<<))))))))....))))).....)))...............................................................................>>>.>>>>>>...)))))...)))))))))).....((((((..(((((((((....(((((.((((.(((....)))...))))))))).((((.....))))..........)))))...)))).......................)))))).............((((((((((.............((((((.((((........)))).))))))..))))))))))........,"[[5, 236], [6, 235], [7, 234], [8, 233], [10, 232], [11, 231], [12, 230], [13, 229], [14, 228], [15, 227], [18, 223], [19, 222], [20, 221], [21, 220], [22, 219], [59, 126], [60, 125], [61, 124], [69, 118], [70, 117], [71, 116], [72, 115], [73, 114], [78, 109], [79, 108], [80, 107], [81, 106], [82, 105], [83, 104], [84, 103], [85, 102], [93, 215], [94, 214], [95, 213], [96, 212], [97, 211], [98, 210], [99, 208], [100, 207], [101, 206], [242, 360], [243, 359], [244, 358], [245, 357], [246, 356], [247, 355], [250, 331], [251, 330], [252, 329], [253, 328], [254, 324], [255, 323], [256, 322], [257, 321], [258, 320], [263, 295], [264, 294], [265, 293], [266, 292], [267, 291], [269, 290], [270, 289], [271, 288], [272, 287], [274, 283], [275, 282], [276, 281], [297, 309], [298, 308], [299, 307], [300, 306], [374, 438], [375, 437], [376, 436], [377, 435], [378, 434], [379, 433], [380, 432], [381, 431], [382, 430], [383, 429], [397, 426], [398, 425], [399, 424], [400, 423], [401, 422], [402, 421], [404, 419], [405, 418], [406, 417], [407, 416]]",446
telomerase_AF221921.98-548,GGCGGGUUGCGGGAGCUGCGAGCGGCCGUCUCGUCUAACCCUAAAGAGAAAGGCGUAGGUGCUUGGCCUUGGCGACUCGCCCGCUGUUUUUUGGCUGGCUUUCAGCGGGUGAAGAGGCCCAAGACCUACCGCCACCCACCGUCUAGUGUCUUAAGGGCACAAAGUCCUGCCCGCCACCCUUCGAGGAGCGAAACCCAAAAAAGUCAGCCCCUGGCCGCCUCUCGCCCUCUCGCAACCCGCCUCCGUCCCAGCCUCCAUCCCCGCCCCAGGCCGCGGUCGGUCCGGGCUUCUUCGGAAGUCCCGUUGCCGUCGCGAAGAGUUCGCCUCUGUCAGCCGCGGGGCUUGGGGCCAGGGACGGGACCCUGUCCGCAGGGAGAGAAACUGGAGCCGGGCCCUCCACGGUGCCUCCCCGAGCUGUGGGAUCUGCACCCGGGACUCGAACCCUACACUU,......(((((((((..(((((((((((.......................(((((((((.....(((((.......(((((((((.......<<<<<<<<<)))))))))..))))).....))))).)))).................................................................>>>.>>>>>>...))))))...))))).)))))))))((.((..(((((((.(((((....(((((.......(((((.((((..(((.............)))...))))))))).((((.....)))).......)))))....)))))..)))))))..........)).))..........((..(..(((((......((((.((((........))))...))))..))).)).)..))........,"[[7, 235], [8, 234], [9, 233], [10, 232], [11, 231], [12, 230], [13, 229], [14, 228], [15, 227], [18, 225], [19, 224], [20, 223], [21, 222], [22, 221], [23, 217], [24, 216], [25, 215], [26, 214], [27, 213], [28, 212], [52, 133], [53, 132], [54, 131], [55, 130], [56, 128], [57, 127], [58, 126], [59, 125], [60, 124], [66, 118], [67, 117], [68, 116], [69, 115], [70, 114], [78, 111], [79, 110], [80, 109], [81, 108], [82, 107], [83, 106], [84, 105], [85, 104], [86, 103], [94, 208], [95, 207], [96, 206], [97, 205], [98, 204], [99, 203], [100, 201], [101, 200], [102, 199], [236, 373], [237, 372], [239, 370], [240, 369], [243, 358], [244, 357], [245, 356], [246, 355], [247, 354], [248, 353], [249, 352], [251, 349], [252, 348], [253, 347], [254, 346], [255, 345], [260, 340], [261, 339], [262, 338], [263, 337], [264, 336], [272, 314], [273, 313], [274, 312], [275, 311], [276, 310], [278, 309], [279, 308], [280, 307], [281, 306], [284, 302], [285, 301], [286, 300], [316, 328], [317, 327], [318, 326], [319, 325], [384, 443], [385, 442], [388, 439], [391, 437], [392, 436], [393, 434], [394, 433], [395, 432], [402, 429], [403, 428], [404, 427], [405, 426], [407, 422], [408, 421], [409, 420], [410, 419]]",451
telomerase_AF221932.102-549,GGGUUGAGGAGGGUACGCCCGGGAGGGCGGUGGUCUGUUCUGUUCUAACCCUAACUGAUAAGGGCGUAGGCGCCGUGCUUUUGUUCCCCGCGCGUUGUUUUUCUCGCUGACUUUCAGCGGGCGGGAAAAGCCUCGGUCUACCGCCGUCUACCGAUAGCCUGGAGCAAACAAAAAAAUGUCAGCCGCCGGCCGCUCGCCCCUCCCGGGAACCUGCAGUGGCUCGCCCGCCCAGCCCCGCUCCCCGCCUGGAGGCCGCGGUCGGCCUGGGGCUUCUCCGGAGGUUCCCGCUGCCGCCGCGAAGAGUUGGGCUCUGUCAGCCGCGGGUCCCGCGGGAACCAAGGGCGAGGCUGGGGCCUCCUGAACGCAGGGAGAGAAACGGAGCGGUUCCCCGCGUGCGUGCGCUUCCCUGAGUUGUGGGAUGUGCGCUCGGGGCUCAGCUCCGACAGGU,.................(((((((((((((.((((...........................(((((((((.....(((((.......(((.(((((........<<<<<<<<<))))).)))...)))))....))))).))))............................>>>.>>>>>>....))))..)))))).)))))))..(((((........((((((((...(((((..(((((........(((((.((((..(((...............)))...))))))))).(((((...))))).......)))))....)))))......))))).)))...............)))))..........((((((((((........((((((.((((........)))).))))))..))))))..))))........,"[[18, 207], [19, 206], [20, 205], [21, 204], [22, 203], [23, 202], [24, 201], [25, 199], [26, 198], [27, 197], [28, 196], [29, 195], [30, 194], [32, 191], [33, 190], [34, 189], [35, 188], [63, 145], [64, 144], [65, 143], [66, 142], [67, 140], [68, 139], [69, 138], [70, 137], [71, 136], [77, 131], [78, 130], [79, 129], [80, 128], [81, 127], [89, 123], [90, 122], [91, 121], [93, 119], [94, 118], [95, 117], [96, 116], [97, 115], [106, 183], [107, 182], [108, 181], [109, 180], [110, 179], [111, 178], [112, 176], [113, 175], [114, 174], [210, 368], [211, 367], [212, 366], [213, 365], [214, 364], [223, 348], [224, 347], [225, 346], [226, 344], [227, 343], [228, 342], [229, 341], [230, 340], [234, 333], [235, 332], [236, 331], [237, 330], [238, 329], [241, 324], [242, 323], [243, 322], [244, 321], [245, 320], [254, 298], [255, 297], [256, 296], [257, 295], [258, 294], [260, 293], [261, 292], [262, 291], [263, 290], [266, 286], [267, 285], [268, 284], [300, 312], [301, 311], [302, 310], [303, 309], [304, 308], [379, 440], [380, 439], [381, 438], [382, 437], [383, 434], [384, 433], [385, 432], [386, 431], [387, 430], [388, 429], [397, 426], [398, 425], [399, 424], [400, 423], [401, 422], [402, 421], [404, 419], [405, 418], [406, 417], [407, 416]]",448
telomerase_AF221928.95-476,GUCUAACCCUGAAUUCUGAGAGCUGUGGGUACUGUGCUUUCGUCUCCGCCCGCUGUUUUUCUCGCUGACUUCCAGCGGGCGGGAAAGUCCAGACCUGCAGCGGGCCAUCGCGCGUUUUCCACCACAAAAAAAUGUCAGCGCUGGGCUCAUGUGCCUGGAGCCUUGCGGCCGGCCGCCCAGCCCCGCACCCGCCUGAGGCCGCGGUCGGCCUGGAGUCCUCGGGCUCCGCUGCCGCCGCGAAGAGCUAGACUCUGUCAGCCGCGGGGCGUCAGGGGCUGGGGCGAGCCCCGGCAGCGCCGCAAGCAGAGAAACGGAGCUGGUCCCGUGAACGGUGACUUCCCUGAGUUGUGGGAAAUGCACCAGGAACUCGGUUCCCACAACC,.....................(((((((((.....(((((......(((((((((........<<<<<<<<.)))))))))..)))))....))))))))).............................>>.>>>>>>......................(((((((..((.(((((((((((...(((((.......(((((.((((..(((..........)))...))))))))).((((.....)))).......)))))......)))))).))))..).))........)))))))..........((((((((.((.......(((.(.((((........))))...))))..)).))).)))))........,"[[22, 101], [23, 100], [24, 99], [25, 98], [26, 97], [27, 96], [28, 95], [29, 94], [30, 93], [36, 88], [37, 87], [38, 86], [39, 85], [40, 84], [47, 81], [48, 80], [49, 79], [50, 78], [51, 77], [52, 76], [53, 75], [54, 74], [55, 73], [64, 139], [65, 138], [66, 137], [67, 136], [68, 135], [69, 134], [70, 132], [71, 131], [162, 303], [163, 302], [164, 301], [165, 300], [166, 299], [167, 298], [168, 297], [171, 288], [172, 287], [174, 285], [175, 282], [176, 281], [177, 280], [178, 279], [179, 277], [180, 276], [181, 275], [182, 274], [183, 273], [184, 272], [188, 265], [189, 264], [190, 263], [191, 262], [192, 261], [200, 239], [201, 238], [202, 237], [203, 236], [204, 235], [206, 234], [207, 233], [208, 232], [209, 231], [212, 227], [213, 226], [214, 225], [241, 253], [242, 252], [243, 251], [244, 250], [314, 374], [315, 373], [316, 372], [317, 371], [318, 370], [319, 368], [320, 367], [321, 366], [323, 364], [324, 363], [332, 360], [333, 359], [334, 358], [336, 357], [338, 353], [339, 352], [340, 351], [341, 350]]",382
telomerase_AF221911.104-513,CCGCUGCGGCGGCAGGUGGGGGCUCAGUCUUUCUAACCCUAAGCGAAAUGUGACCCCUCCCCGCUGCAGCCGUCCGCUGUUUUACUCGCUGACUUUCAGCGGACGGGGGGAGCGGGUGGAGACGCCAACCAAAAAACGUCAGCGAGGGGCCCUCCCCUCCCACGCCGACCUGGGCCUGUGGUGGGGCCCGCCAGCGAAGUCCCCGCCGCCCCGCCCCGGUGAGGCCGCGGUCAGCCGGCUCGCGCCACUGCUGCCGCGAAGAGUUCGUCUCUGUCAGCCUCGGGGGCGGCCGGGGUGGAAGGGCGGGUCCCGAGCCCGUCGGCCGGGAGAGCAAACGUGAGCGGCAGCCCCUGCGCCACCGCCCUCCCCUAAGCUGUGGGGCCCGCGGUCGGGGCUGCGCUCAGACACGC,...(.(((..(...((.((.(((((...............................((((..........(((((((((........<<<<<<<<<)))))))))...)))).....................>>>.>>>>>>...))).)).)).)).)..))).)..((.((((.....(((((((((((........(((.(((((((((............(((((.((((.(((....)))...))))))))).((((.....))))........)))).))))).))).......)))))))))))........))))))............((((((..(((((.......((((...((((........))))...))))..)))))).)))))........,"[[4, 167], [6, 165], [7, 164], [8, 163], [11, 160], [15, 158], [16, 157], [18, 155], [19, 154], [21, 152], [22, 151], [23, 149], [24, 148], [25, 147], [57, 112], [58, 111], [59, 110], [60, 109], [71, 105], [72, 104], [73, 103], [74, 102], [75, 101], [76, 100], [77, 99], [78, 98], [79, 97], [88, 143], [89, 142], [90, 141], [91, 140], [92, 139], [93, 138], [94, 136], [95, 135], [96, 134], [170, 326], [171, 325], [173, 324], [174, 323], [175, 322], [176, 321], [182, 312], [183, 311], [184, 310], [185, 309], [186, 308], [187, 307], [188, 306], [189, 305], [190, 304], [191, 303], [192, 302], [201, 294], [202, 293], [203, 292], [205, 290], [206, 289], [207, 288], [208, 287], [209, 286], [210, 284], [211, 283], [212, 282], [213, 281], [226, 258], [227, 257], [228, 256], [229, 255], [230, 254], [232, 253], [233, 252], [234, 251], [235, 250], [237, 246], [238, 245], [239, 244], [260, 272], [261, 271], [262, 270], [263, 269], [339, 402], [340, 401], [341, 400], [342, 399], [343, 398], [344, 396], [347, 395], [348, 394], [349, 393], [350, 392], [351, 391], [359, 388], [360, 387], [361, 386], [362, 385], [366, 381], [367, 380], [368, 379], [369, 378]]",410
telomerase_AY058901.1-397,ACCUAACCCUGAUUUUCAUUAGCUGUGGGUUCUGGUCUUUUGUUCUUCGCCCGCUGUUUUUCUCGCUGACUUCCAGCGGACCAGUAAAGUCCAGACCUGCAGCGGGCCACCGCGCGUUCCCGAGCCUCAAAAACAAACGUCAGCGCAGGAGCUUCAGGUUCGCCGGGAGCUCCGCGGCGUCGGGCCGCCCAGUCCCGUACCCGCCUACAGGCCGCGGCCGGCCUGGGGUCUUAGGACUCCGCUGCCGCCGCGAAGAGCUCGCCUCUGUCAGCCGCGGGGCGCCGGGGGCUGGGGCCAGGCCGGGCGAGCGCCGCGAGGACAGGAAUGGAACUGGUCCCCGUGUUUGGUGUCUUACCUGAGCUGUGGGAAGUGCACCCGGAACUCGGUUCUCACAACC,.....................(((((((((......((((........(.((((((........<<<<<<<<.)))))).)....)))).....)))))))))................................>>.>>>>>>..........................(.(((((.....((((((((.((((((..(((((........(((((.((((..(((..........)))...))))))))).((((.....)))).......)))))....))))).)..))))..)))).........))))).)..........((((((((.((........((((..(.((........)).)...))))..)).))).)))))........,"[[22, 103], [23, 102], [24, 101], [25, 100], [26, 99], [27, 98], [28, 97], [29, 96], [30, 95], [37, 89], [38, 88], [39, 87], [40, 86], [49, 81], [51, 79], [52, 78], [53, 77], [54, 76], [55, 75], [56, 74], [65, 144], [66, 143], [67, 142], [68, 141], [69, 140], [70, 139], [71, 137], [72, 136], [171, 317], [173, 315], [174, 314], [175, 313], [176, 312], [177, 311], [183, 301], [184, 300], [185, 299], [186, 298], [187, 295], [188, 294], [189, 293], [190, 292], [192, 289], [193, 287], [194, 286], [195, 285], [196, 284], [197, 283], [200, 278], [201, 277], [202, 276], [203, 275], [204, 274], [213, 252], [214, 251], [215, 250], [216, 249], [217, 248], [219, 247], [220, 246], [221, 245], [222, 244], [225, 240], [226, 239], [227, 238], [254, 266], [255, 265], [256, 264], [257, 263], [328, 389], [329, 388], [330, 387], [331, 386], [332, 385], [333, 383], [334, 382], [335, 381], [337, 379], [338, 378], [347, 375], [348, 374], [349, 373], [350, 372], [353, 368], [355, 366], [356, 365]]",397
telomerase_AF221919.107-614,GUGCGGACGGGCUGCGUGGGCGGGUCGGUCCGUCCUGGCACAUCUAACCCUAAAUGCGCGCUGGUUGAAGUGGCUUCUCCUGGGCGAUCGCUCGCUGUUUUUGUGGCUGGCUUUCAGCGGGCUGGAGGAGCCGGGAGCGGAGGCGGAGGACCGAGCCAAAAACGUCAGCCGAGGCCGGGCGGCCCCGCUCGUGGCCCGUCCGCACUGUCCGGGCCAGGCCCCGGCCCGAACCCCCUGGAGACAACUCCCGCAGGGUCUGCGCUGCGCCGCGGAGCCCCGGCUGCCCACGUAGAGGCGGCGGCCGUCUCGGGGCCCCUGCGUGCGGGGCGCCCACUGCGGCCGCCAAGAGCUCGUCUCUGUCAGCCUCGGGUGCACGUGGGCCCGCGGUCGAGCCCUAAGGCCGGGCGUGGGGCUGGGGUCGCAGGGAGAGUAACCGUGAGCCGGCGCCCAGCCUUCAGGGCGCUCCCUCGAGCUAUGGGAGCUGCCCCCGGGCACGGCUCGGACACCC,.....................(((((.(((((.(((........................................((((.........((((((((........<<<<<<<<<))))))))....)))).............................>>>.>>>>>>..))).))))))))))..((.((((...........................................................((((((.(((............((((...((((..........(((((((((...(((..................)))...))))))))).((((.....)))).........)))).....))))..........))).)..)))))................)))).))............((((((..((((........(((((.((((.........))))..)))))..)))).))))))........,"[[22, 185], [23, 184], [24, 183], [25, 182], [26, 181], [28, 180], [29, 179], [30, 178], [31, 177], [32, 176], [34, 174], [35, 173], [36, 172], [77, 130], [78, 129], [79, 128], [80, 127], [90, 122], [91, 121], [92, 120], [93, 119], [94, 118], [95, 117], [96, 116], [97, 115], [106, 169], [107, 168], [108, 167], [109, 166], [110, 165], [111, 164], [112, 162], [113, 161], [114, 160], [188, 425], [189, 424], [191, 422], [192, 421], [193, 420], [194, 419], [254, 402], [255, 401], [256, 400], [257, 399], [258, 398], [259, 395], [261, 393], [262, 392], [263, 391], [276, 380], [277, 379], [278, 378], [279, 377], [283, 371], [284, 370], [285, 369], [286, 368], [297, 344], [298, 343], [299, 342], [300, 341], [301, 340], [302, 339], [303, 338], [304, 337], [305, 336], [309, 332], [310, 331], [311, 330], [346, 358], [347, 357], [348, 356], [349, 355], [438, 500], [439, 499], [440, 498], [441, 497], [442, 496], [443, 495], [446, 493], [447, 492], [448, 491], [449, 490], [458, 487], [459, 486], [460, 485], [461, 484], [462, 483], [464, 480], [465, 479], [466, 478], [467, 477]]",508
telomerase_AF221918.97-547,GGGCUGAGGAGGGUGGGCUCGGGAGGGGCCCGGUCAUUUCUCAUCUAACCCUAACUGAGCAGGGCGUAGGCGCCGCGCUUUUGUUUCCCCGCGCGCUGUUUUUCUCGCUGACUUUCAGCGCGUGGGAAAAGCCUUGGCCUACCGCCGUCCACCGUUCAUUUCGCAGUAAACAAAAAAUGUCAGCCGCUGGCCGGUUCGCCCUUCCCGGGGACCUGCGGUGGCUCGCCCGCCCGGCCCCCGUGCCCCGCCUGAGGCCGCGGUCGGCCCGGGGCUUCUCCGGAGGUGCCCAAUGCCGCCGCGAAGAGUUAGGCUCUGUCAGCCGCGGGUCCCUCGGGGGCCAAGGGCGAGGCGCAGGCCGUCUGGCCGCAGGGAGAGGAACGGAGCGGGUCCCCCAGCGUGGUGCGCUUCCCUGAGCUGUGGGACUUGCACCCGGGACUCGGCUCAAACACGC,.................((((((((((((..(((((..........................(((((((((.....(((((........(((((((((........<<<<<<<<<)))))))))...)))))....))))).))))............................>>>.>>>>>>...))))).....))))))))))))..(((((((......((((((((((((((((...(((((.......(((((.((((..(((...............)))...))))))))).(((((...))))).......))))).....))))))))..))))).))).............)))))))..........(((((((((((........(((((..((((........))))..)))))..))))))).))))........,"[[18, 209], [19, 208], [20, 207], [21, 206], [22, 205], [23, 204], [24, 203], [25, 202], [26, 201], [27, 200], [28, 199], [29, 198], [32, 192], [33, 191], [34, 190], [35, 189], [36, 188], [63, 146], [64, 145], [65, 144], [66, 143], [67, 141], [68, 140], [69, 139], [70, 138], [71, 137], [77, 132], [78, 131], [79, 130], [80, 129], [81, 128], [90, 124], [91, 123], [92, 122], [93, 121], [94, 120], [95, 119], [96, 118], [97, 117], [98, 116], [107, 184], [108, 183], [109, 182], [110, 181], [111, 180], [112, 179], [113, 177], [114, 176], [115, 175], [212, 370], [213, 369], [214, 368], [215, 367], [216, 366], [217, 365], [218, 364], [225, 350], [226, 349], [227, 348], [228, 346], [229, 345], [230, 344], [231, 343], [232, 342], [233, 339], [234, 338], [235, 337], [236, 336], [237, 335], [238, 334], [239, 333], [240, 332], [244, 326], [245, 325], [246, 324], [247, 323], [248, 322], [256, 300], [257, 299], [258, 298], [259, 297], [260, 296], [262, 295], [263, 294], [264, 293], [265, 292], [268, 288], [269, 287], [270, 286], [302, 314], [303, 313], [304, 312], [305, 311], [306, 310], [381, 443], [382, 442], [383, 441], [384, 440], [385, 438], [386, 437], [387, 436], [388, 435], [389, 434], [390, 433], [391, 432], [400, 429], [401, 428], [402, 427], [403, 426], [404, 425], [407, 422], [408, 421], [409, 420], [410, 419]]",451
telomerase_AC121792.109554-109950,ACCUAACCCUGAUUUUCAUUAGCUGUGGGUUCUGGUCUUUUGUUCUCCGCCCGCUGUUUUUCUCGCUGACUUCCAGCGGGCCAGGAAAGUCCAGACCUGCAGCGGGCCACCGCGCGUUCCCGAGCCUCAAAAACAAACGUCAGCGCAGGAGCUCCAGGUUCGCCGGGAGCUCCGCGGCGCCGGGCCGCCCAGUCCCGUACCCGCCUACAGGCCGCGGCCGGCCUGGGGUCUUAGGACUCCGCUGCCGCCGCGAAGAGCUCGCCUCUGUCAGCCGCGGGGCGCCGGGGGCUGGGGCCAGGCCGGGCGAGCGCCGCGAGGACAGGAAUGGAACUGGUCCCCGUGUUCGGUGUCUUACCUGAGCUGUGGGAAGUGCACCCGGAACUCGGUUCUCACAACC,.....................(((((((((......((((........((((((((........<<<<<<<<.))))))))....)))).....)))))))))................................>>.>>>>>>..........................(.(((((.....(((((((((((((((..(((((........(((((.((((..(((..........)))...))))))))).((((.....)))).......)))))....))))).)).))))..)))).........))))).)..........((((((((.((........(((((.(.((........)).).).))))..)).))).)))))........,"[[22, 103], [23, 102], [24, 101], [25, 100], [26, 99], [27, 98], [28, 97], [29, 96], [30, 95], [37, 89], [38, 88], [39, 87], [40, 86], [49, 81], [50, 80], [51, 79], [52, 78], [53, 77], [54, 76], [55, 75], [56, 74], [65, 144], [66, 143], [67, 142], [68, 141], [69, 140], [70, 139], [71, 137], [72, 136], [171, 317], [173, 315], [174, 314], [175, 313], [176, 312], [177, 311], [183, 301], [184, 300], [185, 299], [186, 298], [187, 295], [188, 294], [189, 293], [190, 292], [191, 290], [192, 289], [193, 287], [194, 286], [195, 285], [196, 284], [197, 283], [200, 278], [201, 277], [202, 276], [203, 275], [204, 274], [213, 252], [214, 251], [215, 250], [216, 249], [217, 248], [219, 247], [220, 246], [221, 245], [222, 244], [225, 240], [226, 239], [227, 238], [254, 266], [255, 265], [256, 264], [257, 263], [328, 389], [329, 388], [330, 387], [331, 386], [332, 385], [333, 383], [334, 382], [335, 381], [337, 379], [338, 378], [347, 375], [348, 374], [349, 373], [350, 372], [351, 370], [353, 368], [355, 366], [356, 365]]",397
